Workbook

Sheet Instructions
A1: Room A Hourly Usage Forecast (8 AM - 5 PM)
A3: What this model forecasts
A4: For each quarter of Year 4, how much of each hour (8-9 AM through 4-5 PM) Room A is expected to be in use on each weekday of a typical week.
A5: 100% = the room is booked for the whole hour; 50% = booked for half of it (e.g., a meeting starting at 12:30).
A7: How it works
A8: 1. Booking Log: every booking from one full mid-quarter week per quarter in each of the last three years (Week 5; Week 4 in summer), with start and end times.
A9: 2. Hourly Usage: the log is converted to the share of each hour that was booked, per year, quarter, and weekday. Overlapping bookings are capped at 100% of the hour.
A10: 3. Forecast: a weighted average of the three years (20% / 30% / 50%), times (1 + growth), capped at 100%.
A11: 4. current fall Actual: the same grid built from current fall Weeks 1, 2, and 4, so you can compare this fall with the forecast slot by slot.
A13: How to use
A14: Add bookings to the Booking Log (blue cells) to refine any quarter, e.g., a second sample week. Update the 'sample weeks' count on Assumptions to match.
A15: Set growth and year weights on Assumptions. The Forecast heatmaps and Summary update automatically.
... A37: All names, room numbers, building, and calendar dates have been removed. Labs and courses are labeled generically (Lab A, Course 1).

Sheet Registrar Projection
A1: ="Projected Registrar Use of Room A, "&Assumptions!B3 -> Projected Registrar Use of Room A, Year 4
A2: Recommended scenario: Registrar classes in the lowest-conflict standard patterns ('Open' + 'Check first'), plus open finals exam blocks. Edit assignments on the Registrar Patterns tab.
A4: Quarter | B4: Dept hours / week (forecast) | C4: Registrar class hours / week | D4: Combined hours / week | E4: Combined utilization (of 45) | F4: Registrar patterns assigned | G4: Registrar class hours / quarter | H4: Open finals exam blocks | I4: Registrar exam hours | J4: Total Registrar hours / quarter | K4: Hour-slots over 100% (check for clashes)
A5: Fall | B5: =Forecast!M11 -> 19.983333 | C5: =SUMPRODUCT('Registrar Patterns'!$I$5:$I$27,'Registrar Patterns'!$E$5:$E$27) -> 12.833333 | D5: =B5+C5 -> 32.816667 | E5: =D5/45 -> 0.72925926 | F5: =SUM('Registrar Patterns'!I5:I27) -> 5 | G5: =C5*Assumptions!$B$18 -> 128.33333 | H5: ='Finals Exam Blocks'!E23 -> 1 | I5: =H5*3 -> 3 | J5: =G5+I5 -> 131.33333 | K5: ='Combined Use'!D11 -> 9
A6: Winter | B6: =Forecast!M20 -> 19.516667 | C6: =SUMPRODUCT('Registrar Patterns'!$M$5:$M$27,'Registrar Patterns'!$E$5:$E$27) -> 10.5 | D6: =B6+C6 -> 30.016667 | E6: =D6/45 -> 0.66703704 | F6: =SUM('Registrar Patterns'!M5:M27) -> 4 | G6: =C6*Assumptions!$B$18 -> 105 | H6: ='Finals Exam Blocks'!E32 -> 2 | I6: =H6*3 -> 6 | J6: =G6+I6 -> 111 | K6: ='Combined Use'!D20 -> 4
A7: Spring | B7: =Forecast!M29 -> 18.375 | C7: =SUMPRODUCT('Registrar Patterns'!$Q$5:$Q$27,'Registrar Patterns'!$E$5:$E$27) -> 15.5 | D7: =B7+C7 -> 33.875 | E7: =D7/45 -> 0.75277778 | F7: =SUM('Registrar Patterns'!Q5:Q27) -> 6 | G7: =C7*Assumptions!$B$18 -> 155 | H7: ='Finals Exam Blocks'!E41 -> 2 | I7: =H7*3 -> 6 | J7: =G7+I7 -> 161 | K7: ='Combined Use'!D29 -> 7
A8: Summer | B8: =Forecast!M38 -> 11.25 | C8: =SUMPRODUCT('Registrar Patterns'!$U$5:$U$27,'Registrar Patterns'!$E$5:$E$27) -> 26.5 | D8: =B8+C8 -> 37.75 | E8: =D8/45 -> 0.83888889 | F8: =SUM('Registrar Patterns'!U5:U27) -> 10 | G8: =C8*Assumptions!$B$19 -> 212 | H8: 0 | I8: =H8*3 -> 0 | J8: =G8+I8 -> 212 | K8: ='Combined Use'!D38 -> 16
A9: Full year | G9: =SUM(G5:G8) -> 600.33333 | H9: =SUM(H5:H8) -> 5 | I9: =SUM(I5:I8) -> 15 | J9: =SUM(J5:J8) -> 615.33333
A11: Notes
A12: Department use is the hourly forecast; Registrar hours are scheduled class meetings in the assigned standard patterns.
A13: Many universities ask departments to limit classes starting in the 10:30 AM-2:30 PM peak; Room A's open time sits mostly outside that peak, which suits Registrar scheduling.
A14: Course Event Week (Fall Wk 3) fills 9 AM-5 PM Mon-Thu; any Registrar class in Room A would need another room that week.
A15: current fall is running ~20% below the department forecast, mainly Mon-Thu mornings. Against this fall's actual bookings, TTh 9:00-10:20 and MW 10:30-11:50 are completely free (Registrar Patterns, columns V-W).
A16: The current fall class schedule is already set, so Winter and Spring are the quarters where this projection can shape Registrar requests.
A17: Summer shows the most open time; treat its figure as a ceiling, since Summer Session demand for rooms is lower.
A18: Combined use over 100% in an hour means a historical department booking sat there in some years; confirm the slot with the department before the Registrar books it.

Sheet Backtest
A1: Backtest: forecast Year 3 using only Years 1-2, then compare with what actually happened
A2: Model = weighted average of Years 1 and 2 (same method as the live forecast). Naive = 'same as last year' (Year 2). A useful model should beat naive. | N2: Hourly backtest: share of each hour booked (typical week), Year 3 actual vs model (Years 1-2)
N3: Quarter | O3: Day | P3: Hour | Q3: Actual Y3 | R3: Model | S3: Naive | T3: Model abs err | U3: Naive abs err | V3: Model busy? | W3: Actual busy? | X3: Model correct | Y3: Naive correct
A4: Backtest weights | N4: Fall | O4: Mon | P4: 8-9 AM | Q4: =SUMIFS('Hourly Usage'!D$4:D$63,'Hourly Usage'!$A$4:$A$63,"Year 3",'Hourly Usage'!$B$4:$B$63,$N4,'Hourly Usage'!$C$4:$C$63,$O4) -> 0 | R4: =$B$5*SUMIFS('Hourly Usage'!D$4:D$63,'Hourly Usage'!$A$4:$A$63,"Year 1",'Hourly Usage'!$B$4:$B$63,$N4,'Hourly Usage'!$C$4:$C$63,$O4)+$B$6*SUMIFS('Hourly Usage'!D$4:D$63,'Hourly Usage'!$A$4:$A$63,"Year 2",'Hourly Usage'!$B$4:$B$63,$N4,'Hourly Usage'!$C$4:$C$63,$O4) -> 0.3 | S4: =SUMIFS('Hourly Usage'!D$4:D$63,'Hourly Usage'!$A$4:$A$63,"Year 2",'Hourly Usage'!$B$4:$B$63,$N4,'Hourly Usage'!$C$4:$C$63,$O4) -> 0.5 | T4: =ABS(Q4-R4) -> 0.3 | U4: =ABS(Q4-S4) -> 0.5 | V4: =IF(R4>=$B$7-0.000001,1,0) -> 0 | W4: =IF(Q4>=$B$7-0.000001,1,0) -> 0 | X4: =IF(V4=W4,1,0) -> 1 | Y4: =IF(IF(S4>=$B$7-0.000001,1,0)=W4,1,0) -> 0
A5: Weight Year 1 | B5: 0.4 | C5: Same 40/60 recent-weighting idea as the live 20/30/50, scaled to two years | N5: Fall | O5: Mon | P5: 9-10 AM | Q5: =SUMIFS('Hourly Usage'!E$4:E$63,'Hourly Usage'!$A$4:$A$63,"Year 3",'Hourly Usage'!$B$4:$B$63,$N5,'Hourly Usage'!$C$4:$C$63,$O5) -> 0 | R5: =$B$5*SUMIFS('Hourly Usage'!E$4:E$63,'Hourly Usage'!$A$4:$A$63,"Year 1",'Hourly Usage'!$B$4:$B$63,$N5,'Hourly Usage'!$C$4:$C$63,$O5)+$B$6*SUMIFS('Hourly Usage'!E$4:E$63,'Hourly Usage'!$A$4:$A$63,"Year 2",'Hourly Usage'!$B$4:$B$63,$N5,'Hourly Usage'!$C$4:$C$63,$O5) -> 1 | S5: =SUMIFS('Hourly Usage'!E$4:E$63,'Hourly Usage'!$A$4:$A$63,"Year 2",'Hourly Usage'!$B$4:$B$63,$N5,'Hourly Usage'!$C$4:$C$63,$O5) -> 1 | T5: =ABS(Q5-R5) -> 1 | U5: =ABS(Q5-S5) -> 1 | V5: =IF(R5>=$B$7-0.000001,1,0) -> 1 | W5: =IF(Q5>=$B$7-0.000001,1,0) -> 0 | X5: =IF(V5=W5,1,0) -> 0 | Y5: =IF(IF(S5>=$B$7-0.000001,1,0)=W5,1,0) -> 0
A6: Weight Year 2 | B6: 0.6 | N6: Fall | O6: Mon | P6: 10-11 AM | Q6: =SUMIFS('Hourly Usage'!F$4:F$63,'Hourly Usage'!$A$4:$A$63,"Year 3",'Hourly Usage'!$B$4:$B$63,$N6,'Hourly Usage'!$C$4:$C$63,$O6) -> 1 | R6: =$B$5*SUMIFS('Hourly Usage'!F$4:F$63,'Hourly Usage'!$A$4:$A$63,"Year 1",'Hourly Usage'!$B$4:$B$63,$N6,'Hourly Usage'!$C$4:$C$63,$O6)+$B$6*SUMIFS('Hourly Usage'!F$4:F$63,'Hourly Usage'!$A$4:$A$63,"Year 2",'Hourly Usage'!$B$4:$B$63,$N6,'Hourly Usage'!$C$4:$C$63,$O6) -> 0.7 | S6: =SUMIFS('Hourly Usage'!F$4:F$63,'Hourly Usage'!$A$4:$A$63,"Year 2",'Hourly Usage'!$B$4:$B$63,$N6,'Hourly Usage'!$C$4:$C$63,$O6) -> 0.5 | T6: =ABS(Q6-R6) -> 0.3 | U6: =ABS(Q6-S6) -> 0.5 | V6: =IF(R6>=$B$7-0.000001,1,0) -> 1 | W6: =IF(Q6>=$B$7-0.000001,1,0) -> 1 | X6: =IF(V6=W6,1,0) -> 1 | Y6: =IF(IF(S6>=$B$7-0.000001,1,0)=W6,1,0) -> 1
A7: 'Busy hour' threshold | B7: 0.5 | N7: Fall | O7: Mon | P7: 11 AM-12 PM | Q7: =SUMIFS('Hourly Usage'!G$4:G$63,'Hourly Usage'!$A$4:$A$63,"Year 3",'Hourly Usage'!$B$4:$B$63,$N7,'Hourly Usage'!$C$4:$C$63,$O7) -> 0.75 | R7: =$B$5*SUMIFS('Hourly Usage'!G$4:G$63,'Hourly Usage'!$A$4:$A$63,"Year 1",'Hourly Usage'!$B$4:$B$63,$N7,'Hourly Usage'!$C$4:$C$63,$O7)+$B$6*SUMIFS('Hourly Usage'!G$4:G$63,'Hourly Usage'!$A$4:$A$63,"Year 2",'Hourly Usage'!$B$4:$B$63,$N7,'Hourly Usage'!$C$4:$C$63,$O7) -> 0.2 | S7: =SUMIFS('Hourly Usage'!G$4:G$63,'Hourly Usage'!$A$4:$A$63,"Year 2",'Hourly Usage'!$B$4:$B$63,$N7,'Hourly Usage'!$C$4:$C$63,$O7) -> 0 | T7: =ABS(Q7-R7) -> 0.55 | U7: =ABS(Q7-S7) -> 0.75 | V7: =IF(R7>=$B$7-0.000001,1,0) -> 0 | W7: =IF(Q7>=$B$7-0.000001,1,0) -> 1 | X7: =IF(V7=W7,1,0) -> 0 | Y7: =IF(IF(S7>=$B$7-0.000001,1,0)=W7,1,0) -> 0
N8: Fall | O8: Mon | P8: 12-1 PM | Q8: =SUMIFS('Hourly Usage'!H$4:H$63,'Hourly Usage'!$A$4:$A$63,"Year 3",'Hourly Usage'!$B$4:$B$63,$N8,'Hourly Usage'!$C$4:$C$63,$O8) -> 1 | R8: =$B$5*SUMIFS('Hourly Usage'!H$4:H$63,'Hourly Usage'!$A$4:$A$63,"Year 1",'Hourly Usage'!$B$4:$B$63,$N8,'Hourly Usage'!$C$4:$C$63,$O8)+$B$6*SUMIFS('Hourly Usage'!H$4:H$63,'Hourly Usage'!$A$4:$A$63,"Year 2",'Hourly Usage'!$B$4:$B$63,$N8,'Hourly Usage'!$C$4:$C$63,$O8) -> 1 | S8: =SUMIFS('Hourly Usage'!H$4:H$63,'Hourly Usage'!$A$4:$A$63,"Year 2",'Hourly Usage'!$B$4:$B$63,$N8,'Hourly Usage'!$C$4:$C$63,$O8) -> 1 | T8: =ABS(Q8-R8) -> 0 | U8: =ABS(Q8-S8) -> 0 | V8: =IF(R8>=$B$7-0.000001,1,0) -> 1 | W8: =IF(Q8>=$B$7-0.000001,1,0) -> 1 | X8: =IF(V8=W8,1,0) -> 1 | Y8: =IF(IF(S8>=$B$7-0.000001,1,0)=W8,1,0) -> 1
A9: Headline accuracy | N9: Fall | O9: Mon | P9: 1-2 PM | Q9: =SUMIFS('Hourly Usage'!I$4:I$63,'Hourly Usage'!$A$4:$A$63,"Year 3",'Hourly Usage'!$B$4:$B$63,$N9,'Hourly Usage'!$C$4:$C$63,$O9) -> 0.5 | R9: =$B$5*SUMIFS('Hourly Usage'!I$4:I$63,'Hourly Usage'!$A$4:$A$63,"Year 1",'Hourly Usage'!$B$4:$B$63,$N9,'Hourly Usage'!$C$4:$C$63,$O9)+$B$6*SUMIFS('Hourly Usage'!I$4:I$63,'Hourly Usage'!$A$4:$A$63,"Year 2",'Hourly Usage'!$B$4:$B$63,$N9,'Hourly Usage'!$C$4:$C$63,$O9) -> 0.5 | S9: =SUMIFS('Hourly Usage'!I$4:I$63,'Hourly Usage'!$A$4:$A$63,"Year 2",'Hourly Usage'!$B$4:$B$63,$N9,'Hourly Usage'!$C$4:$C$63,$O9) -> 0.5 | T9: =ABS(Q9-R9) -> 2.6645353e-15 | U9: =ABS(Q9-S9) -> 2.6645353e-15 | V9: =IF(R9>=$B$7-0.000001,1,0) -> 1 | W9: =IF(Q9>=$B$7-0.000001,1,0) -> 1 | X9: =IF(V9=W9,1,0) -> 1 | Y9: =IF(IF(S9>=$B$7-0.000001,1,0)=W9,1,0) -> 1
A10: Metric | B10: Model | C10: Naive (last year) | D10: What it means | N10: Fall | O10: Mon | P10: 2-3 PM | Q10: =SUMIFS('Hourly Usage'!J$4:J$63,'Hourly Usage'!$A$4:$A$63,"Year 3",'Hourly Usage'!$B$4:$B$63,$N10,'Hourly Usage'!$C$4:$C$63,$O10) -> 0 | R10: =$B$5*SUMIFS('Hourly Usage'!J$4:J$63,'Hourly Usage'!$A$4:$A$63,"Year 1",'Hourly Usage'!$B$4:$B$63,$N10,'Hourly Usage'!$C$4:$C$63,$O10)+$B$6*SUMIFS('Hourly Usage'!J$4:J$63,'Hourly Usage'!$A$4:$A$63,"Year 2",'Hourly Usage'!$B$4:$B$63,$N10,'Hourly Usage'!$C$4:$C$63,$O10) -> 0 | S10: =SUMIFS('Hourly Usage'!J$4:J$63,'Hourly Usage'!$A$4:$A$63,"Year 2",'Hourly Usage'!$B$4:$B$63,$N10,'Hourly Usage'!$C$4:$C$63,$O10) -> 0 | T10: =ABS(Q10-R10) -> 0 | U10: =ABS(Q10-S10) -> 0 | V10: =IF(R10>=$B$7-0.000001,1,0) -> 0 | W10: =IF(Q10>=$B$7-0.000001,1,0) -> 0 | X10: =IF(V10=W10,1,0) -> 1 | Y10: =IF(IF(S10>=$B$7-0.000001,1,0)=W10,1,0) -> 1
A11: Weekly bookings: WAPE (total abs error / total actual) | B11: =SUM(F25:F66)/SUM(C25:C66) -> 0.21412301 | C11: =SUM(G25:G66)/SUM(C25:C66) -> 0.27334852 | D11: Typical miss on a weekly booking count, as a share of actual volume | N11: Fall | O11: Mon | P11: 3-4 PM | Q11: =SUMIFS('Hourly Usage'!K$4:K$63,'Hourly Usage'!$A$4:$A$63,"Year 3",'Hourly Usage'!$B$4:$B$63,$N11,'Hourly Usage'!$C$4:$C$63,$O11) -> 0.5 | R11: =$B$5*SUMIFS('Hourly Usage'!K$4:K$63,'Hourly Usage'!$A$4:$A$63,"Year 1",'Hourly Usage'!$B$4:$B$63,$N11,'Hourly Usage'!$C$4:$C$63,$O11)+$B$6*SUMIFS('Hourly Usage'!K$4:K$63,'Hourly Usage'!$A$4:$A$63,"Year 2",'Hourly Usage'!$B$4:$B$63,$N11,'Hourly Usage'!$C$4:$C$63,$O11) -> 0.5 | S11: =SUMIFS('Hourly Usage'!K$4:K$63,'Hourly Usage'!$A$4:$A$63,"Year 2",'Hourly Usage'!$B$4:$B$63,$N11,'Hourly Usage'!$C$4:$C$63,$O11) -> 0.5 | T11: =ABS(Q11-R11) -> 0 | U11: =ABS(Q11-S11) -> 0 | V11: =IF(R11>=$B$7-0.000001,1,0) -> 1 | W11: =IF(Q11>=$B$7-0.000001,1,0) -> 1 | X11: =IF(V11=W11,1,0) -> 1 | Y11: =IF(IF(S11>=$B$7-0.000001,1,0)=W11,1,0) -> 1
A12: Weekly bookings: mean abs error (bookings/week) | B12: =AVERAGE(F25:F66) -> 2.2380952 | C12: =AVERAGE(G25:G66) -> 2.8571429 | D12: Average miss per week, in bookings | N12: Fall | O12: Mon | P12: 4-5 PM | Q12: =SUMIFS('Hourly Usage'!L$4:L$63,'Hourly Usage'!$A$4:$A$63,"Year 3",'Hourly Usage'!$B$4:$B$63,$N12,'Hourly Usage'!$C$4:$C$63,$O12) -> 1 | R12: =$B$5*SUMIFS('Hourly Usage'!L$4:L$63,'Hourly Usage'!$A$4:$A$63,"Year 1",'Hourly Usage'!$B$4:$B$63,$N12,'Hourly Usage'!$C$4:$C$63,$O12)+$B$6*SUMIFS('Hourly Usage'!L$4:L$63,'Hourly Usage'!$A$4:$A$63,"Year 2",'Hourly Usage'!$B$4:$B$63,$N12,'Hourly Usage'!$C$4:$C$63,$O12) -> 1 | S12: =SUMIFS('Hourly Usage'!L$4:L$63,'Hourly Usage'!$A$4:$A$63,"Year 2",'Hourly Usage'!$B$4:$B$63,$N12,'Hourly Usage'!$C$4:$C$63,$O12) -> 1 | T12: =ABS(Q12-R12) -> 0 | U12: =ABS(Q12-S12) -> 0 | V12: =IF(R12>=$B$7-0.000001,1,0) -> 1 | W12: =IF(Q12>=$B$7-0.000001,1,0) -> 1 | X12: =IF(V12=W12,1,0) -> 1 | Y12: =IF(IF(S12>=$B$7-0.000001,1,0)=W12,1,0) -> 1
A13: Year 3 total bookings: forecast vs actual | B13: =SUM(D25:D66)/SUM(C25:C66)-1 -> 0.14123007 | C13: =SUM(E25:E66)/SUM(C25:C66)-1 -> 0.16400911 | D13: Annual bias; positive = over-forecast | N13: Fall | O13: Tue | P13: 8-9 AM | Q13: =SUMIFS('Hourly Usage'!D$4:D$63,'Hourly Usage'!$A$4:$A$63,"Year 3",'Hourly Usage'!$B$4:$B$63,$N13,'Hourly Usage'!$C$4:$C$63,$O13) -> 0 | R13: =$B$5*SUMIFS('Hourly Usage'!D$4:D$63,'Hourly Usage'!$A$4:$A$63,"Year 1",'Hourly Usage'!$B$4:$B$63,$N13,'Hourly Usage'!$C$4:$C$63,$O13)+$B$6*SUMIFS('Hourly Usage'!D$4:D$63,'Hourly Usage'!$A$4:$A$63,"Year 2",'Hourly Usage'!$B$4:$B$63,$N13,'Hourly Usage'!$C$4:$C$63,$O13) -> 0 | S13: =SUMIFS('Hourly Usage'!D$4:D$63,'Hourly Usage'!$A$4:$A$63,"Year 2",'Hourly Usage'!$B$4:$B$63,$N13,'Hourly Usage'!$C$4:$C$63,$O13) -> 0 | T13: =ABS(Q13-R13) -> 0 | U13: =ABS(Q13-S13) -> 0 | V13: =IF(R13>=$B$7-0.000001,1,0) -> 0 | W13: =IF(Q13>=$B$7-0.000001,1,0) -> 0 | X13: =IF(V13=W13,1,0) -> 1 | Y13: =IF(IF(S13>=$B$7-0.000001,1,0)=W13,1,0) -> 1
A14: Weekly hours: WAPE | B14: =SUM(K25:K66)/SUM(H25:H66) -> 0.21115797 | C14: =SUM(L25:L66)/SUM(H25:H66) -> 0.26477502 | D14: Typical miss on weekly hours used | N14: Fall | O14: Tue | P14: 9-10 AM | Q14: =SUMIFS('Hourly Usage'!E$4:E$63,'Hourly Usage'!$A$4:$A$63,"Year 3",'Hourly Usage'!$B$4:$B$63,$N14,'Hourly Usage'!$C$4:$C$63,$O14) -> 0 | R14: =$B$5*SUMIFS('Hourly Usage'!E$4:E$63,'Hourly Usage'!$A$4:$A$63,"Year 1",'Hourly Usage'!$B$4:$B$63,$N14,'Hourly Usage'!$C$4:$C$63,$O14)+$B$6*SUMIFS('Hourly Usage'!E$4:E$63,'Hourly Usage'!$A$4:$A$63,"Year 2",'Hourly Usage'!$B$4:$B$63,$N14,'Hourly Usage'!$C$4:$C$63,$O14) -> 0.6 | S14: =SUMIFS('Hourly Usage'!E$4:E$63,'Hourly Usage'!$A$4:$A$63,"Year 2",'Hourly Usage'!$B$4:$B$63,$N14,'Hourly Usage'!$C$4:$C$63,$O14) -> 1 | T14: =ABS(Q14-R14) -> 0.6 | U14: =ABS(Q14-S14) -> 1 | V14: =IF(R14>=$B$7-0.000001,1,0) -> 1 | W14: =IF(Q14>=$B$7-0.000001,1,0) -> 0 | X14: =IF(V14=W14,1,0) -> 0 | Y14: =IF(IF(S14>=$B$7-0.000001,1,0)=W14,1,0) -> 0
A15: Year 3 total hours: forecast vs actual | B15: =SUM(I25:I66)/SUM(H25:H66)-1 -> 0.096254615 | C15: =SUM(J25:J66)/SUM(H25:H66)-1 -> 0.13809386 | D15: Annual bias on hours | N15: Fall | O15: Tue | P15: 10-11 AM | Q15: =SUMIFS('Hourly Usage'!F$4:F$63,'Hourly Usage'!$A$4:$A$63,"Year 3",'Hourly Usage'!$B$4:$B$63,$N15,'Hourly Usage'!$C$4:$C$63,$O15) -> 0 | R15: =$B$5*SUMIFS('Hourly Usage'!F$4:F$63,'Hourly Usage'!$A$4:$A$63,"Year 1",'Hourly Usage'!$B$4:$B$63,$N15,'Hourly Usage'!$C$4:$C$63,$O15)+$B$6*SUMIFS('Hourly Usage'!F$4:F$63,'Hourly Usage'!$A$4:$A$63,"Year 2",'Hourly Usage'!$B$4:$B$63,$N15,'Hourly Usage'!$C$4:$C$63,$O15) -> 0.6 | S15: =SUMIFS('Hourly Usage'!F$4:F$63,'Hourly Usage'!$A$4:$A$63,"Year 2",'Hourly Usage'!$B$4:$B$63,$N15,'Hourly Usage'!$C$4:$C$63,$O15) -> 1 | T15: =ABS(Q15-R15) -> 0.6 | U15: =ABS(Q15-S15) -> 1 | V15: =IF(R15>=$B$7-0.000001,1,0) -> 1 | W15: =IF(Q15>=$B$7-0.000001,1,0) -> 0 | X15: =IF(V15=W15,1,0) -> 0 | Y15: =IF(IF(S15>=$B$7-0.000001,1,0)=W15,1,0) -> 0
A16: Hourly: mean abs error (share of hour) | B16: =AVERAGE(T4:T183) -> 0.30583333 | C16: =AVERAGE(U4:U183) -> 0.31435185 | D16: Average miss per hour-slot, in percentage points of the hour | N16: Fall | O16: Tue | P16: 11 AM-12 PM | Q16: =SUMIFS('Hourly Usage'!G$4:G$63,'Hourly Usage'!$A$4:$A$63,"Year 3",'Hourly Usage'!$B$4:$B$63,$N16,'Hourly Usage'!$C$4:$C$63,$O16) -> 0 | R16: =$B$5*SUMIFS('Hourly Usage'!G$4:G$63,'Hourly Usage'!$A$4:$A$63,"Year 1",'Hourly Usage'!$B$4:$B$63,$N16,'Hourly Usage'!$C$4:$C$63,$O16)+$B$6*SUMIFS('Hourly Usage'!G$4:G$63,'Hourly Usage'!$A$4:$A$63,"Year 2",'Hourly Usage'!$B$4:$B$63,$N16,'Hourly Usage'!$C$4:$C$63,$O16) -> 0.6 | S16: =SUMIFS('Hourly Usage'!G$4:G$63,'Hourly Usage'!$A$4:$A$63,"Year 2",'Hourly Usage'!$B$4:$B$63,$N16,'Hourly Usage'!$C$4:$C$63,$O16) -> 1 | T16: =ABS(Q16-R16) -> 0.6 | U16: =ABS(Q16-S16) -> 1 | V16: =IF(R16>=$B$7-0.000001,1,0) -> 1 | W16: =IF(Q16>=$B$7-0.000001,1,0) -> 0 | X16: =IF(V16=W16,1,0) -> 0 | Y16: =IF(IF(S16>=$B$7-0.000001,1,0)=W16,1,0) -> 0
A17: Hourly: busy/open called correctly | B17: =AVERAGE(X4:X183) -> 0.66111111 | C17: =AVERAGE(Y4:Y183) -> 0.64444444 | D17: Share of 180 weekday hour-slots where the model correctly predicted busy (>= threshold) vs open | N17: Fall | O17: Tue | P17: 12-1 PM | Q17: =SUMIFS('Hourly Usage'!H$4:H$63,'Hourly Usage'!$A$4:$A$63,"Year 3",'Hourly Usage'!$B$4:$B$63,$N17,'Hourly Usage'!$C$4:$C$63,$O17) -> 0 | R17: =$B$5*SUMIFS('Hourly Usage'!H$4:H$63,'Hourly Usage'!$A$4:$A$63,"Year 1",'Hourly Usage'!$B$4:$B$63,$N17,'Hourly Usage'!$C$4:$C$63,$O17)+$B$6*SUMIFS('Hourly Usage'!H$4:H$63,'Hourly Usage'!$A$4:$A$63,"Year 2",'Hourly Usage'!$B$4:$B$63,$N17,'Hourly Usage'!$C$4:$C$63,$O17) -> 0.7 | S17: =SUMIFS('Hourly Usage'!H$4:H$63,'Hourly Usage'!$A$4:$A$63,"Year 2",'Hourly Usage'!$B$4:$B$63,$N17,'Hourly Usage'!$C$4:$C$63,$O17) -> 0.5 | T17: =ABS(Q17-R17) -> 0.7 | U17: =ABS(Q17-S17) -> 0.5 | V17: =IF(R17>=$B$7-0.000001,1,0) -> 1 | W17: =IF(Q17>=$B$7-0.000001,1,0) -> 0 | X17: =IF(V17=W17,1,0) -> 0 | Y17: =IF(IF(S17>=$B$7-0.000001,1,0)=W17,1,0) -> 0
N18: Fall | O18: Tue | P18: 1-2 PM | Q18: =SUMIFS('Hourly Usage'!I$4:I$63,'Hourly Usage'!$A$4:$A$63,"Year 3",'Hourly Usage'!$B$4:$B$63,$N18,'Hourly Usage'!$C$4:$C$63,$O18) -> 1 | R18: =$B$5*SUMIFS('Hourly Usage'!I$4:I$63,'Hourly Usage'!$A$4:$A$63,"Year 1",'Hourly Usage'!$B$4:$B$63,$N18,'Hourly Usage'!$C$4:$C$63,$O18)+$B$6*SUMIFS('Hourly Usage'!I$4:I$63,'Hourly Usage'!$A$4:$A$63,"Year 2",'Hourly Usage'!$B$4:$B$63,$N18,'Hourly Usage'!$C$4:$C$63,$O18) -> 1 | S18: =SUMIFS('Hourly Usage'!I$4:I$63,'Hourly Usage'!$A$4:$A$63,"Year 2",'Hourly Usage'!$B$4:$B$63,$N18,'Hourly Usage'!$C$4:$C$63,$O18) -> 1 | T18: =ABS(Q18-R18) -> 0 | U18: =ABS(Q18-S18) -> 0 | V18: =IF(R18>=$B$7-0.000001,1,0) -> 1 | W18: =IF(Q18>=$B$7-0.000001,1,0) -> 1 | X18: =IF(V18=W18,1,0) -> 1 | Y18: =IF(IF(S18>=$B$7-0.000001,1,0)=W18,1,0) -> 1
A19: Note: hourly backtest uses one sampled mid-quarter week per quarter per year, so it measures how well the recurring weekly pattern carries over year to year. | N19: Fall | O19: Tue | P19: 2-3 PM | Q19: =SUMIFS('Hourly Usage'!J$4:J$63,'Hourly Usage'!$A$4:$A$63,"Year 3",'Hourly Usage'!$B$4:$B$63,$N19,'Hourly Usage'!$C$4:$C$63,$O19) -> 1 | R19: =$B$5*SUMIFS('Hourly Usage'!J$4:J$63,'Hourly Usage'!$A$4:$A$63,"Year 1",'Hourly Usage'!$B$4:$B$63,$N19,'Hourly Usage'!$C$4:$C$63,$O19)+$B$6*SUMIFS('Hourly Usage'!J$4:J$63,'Hourly Usage'!$A$4:$A$63,"Year 2",'Hourly Usage'!$B$4:$B$63,$N19,'Hourly Usage'!$C$4:$C$63,$O19) -> 0.6 | S19: =SUMIFS('Hourly Usage'!J$4:J$63,'Hourly Usage'!$A$4:$A$63,"Year 2",'Hourly Usage'!$B$4:$B$63,$N19,'Hourly Usage'!$C$4:$C$63,$O19) -> 1 | T19: =ABS(Q19-R19) -> 0.4 | U19: =ABS(Q19-S19) -> 0 | V19: =IF(R19>=$B$7-0.000001,1,0) -> 1 | W19: =IF(Q19>=$B$7-0.000001,1,0) -> 1 | X19: =IF(V19=W19,1,0) -> 1 | Y19: =IF(IF(S19>=$B$7-0.000001,1,0)=W19,1,0) -> 1
A20: Live check: the current fall's actual weeks are tracked on the 'Current Fall Actual' tab. | N20: Fall | O20: Tue | P20: 3-4 PM | Q20: =SUMIFS('Hourly Usage'!K$4:K$63,'Hourly Usage'!$A$4:$A$63,"Year 3",'Hourly Usage'!$B$4:$B$63,$N20,'Hourly Usage'!$C$4:$C$63,$O20) -> 0.5 | R20: =$B$5*SUMIFS('Hourly Usage'!K$4:K$63,'Hourly Usage'!$A$4:$A$63,"Year 1",'Hourly Usage'!$B$4:$B$63,$N20,'Hourly Usage'!$C$4:$C$63,$O20)+$B$6*SUMIFS('Hourly Usage'!K$4:K$63,'Hourly Usage'!$A$4:$A$63,"Year 2",'Hourly Usage'!$B$4:$B$63,$N20,'Hourly Usage'!$C$4:$C$63,$O20) -> 1 | S20: =SUMIFS('Hourly Usage'!K$4:K$63,'Hourly Usage'!$A$4:$A$63,"Year 2",'Hourly Usage'!$B$4:$B$63,$N20,'Hourly Usage'!$C$4:$C$63,$O20) -> 1 | T20: =ABS(Q20-R20) -> 0.5 | U20: =ABS(Q20-S20) -> 0.5 | V20: =IF(R20>=$B$7-0.000001,1,0) -> 1 | W20: =IF(Q20>=$B$7-0.000001,1,0) -> 1 | X20: =IF(V20=W20,1,0) -> 1 | Y20: =IF(IF(S20>=$B$7-0.000001,1,0)=W20,1,0) -> 1
N21: Fall | O21: Tue | P21: 4-5 PM | Q21: =SUMIFS('Hourly Usage'!L$4:L$63,'Hourly Usage'!$A$4:$A$63,"Year 3",'Hourly Usage'!$B$4:$B$63,$N21,'Hourly Usage'!$C$4:$C$63,$O21) -> 0 | R21: =$B$5*SUMIFS('Hourly Usage'!L$4:L$63,'Hourly Usage'!$A$4:$A$63,"Year 1",'Hourly Usage'!$B$4:$B$63,$N21,'Hourly Usage'!$C$4:$C$63,$O21)+$B$6*SUMIFS('Hourly Usage'!L$4:L$63,'Hourly Usage'!$A$4:$A$63,"Year 2",'Hourly Usage'!$B$4:$B$63,$N21,'Hourly Usage'!$C$4:$C$63,$O21) -> 0.5 | S21: =SUMIFS('Hourly Usage'!L$4:L$63,'Hourly Usage'!$A$4:$A$63,"Year 2",'Hourly Usage'!$B$4:$B$63,$N21,'Hourly Usage'!$C$4:$C$63,$O21) -> 0.5 | T21: =ABS(Q21-R21) -> 0.5 | U21: =ABS(Q21-S21) -> 0.5 | V21: =IF(R21>=$B$7-0.000001,1,0) -> 1 | W21: =IF(Q21>=$B$7-0.000001,1,0) -> 0 | X21: =IF(V21=W21,1,0) -> 0 | Y21: =IF(IF(S21>=$B$7-0.000001,1,0)=W21,1,0) -> 0
N22: Fall | O22: Wed | P22: 8-9 AM | Q22: =SUMIFS('Hourly Usage'!D$4:D$63,'Hourly Usage'!$A$4:$A$63,"Year 3",'Hourly Usage'!$B$4:$B$63,$N22,'Hourly Usage'!$C$4:$C$63,$O22) -> 0 | R22: =$B$5*SUMIFS('Hourly Usage'!D$4:D$63,'Hourly Usage'!$A$4:$A$63,"Year 1",'Hourly Usage'!$B$4:$B$63,$N22,'Hourly Usage'!$C$4:$C$63,$O22)+$B$6*SUMIFS('Hourly Usage'!D$4:D$63,'Hourly Usage'!$A$4:$A$63,"Year 2",'Hourly Usage'!$B$4:$B$63,$N22,'Hourly Usage'!$C$4:$C$63,$O22) -> 0 | S22: =SUMIFS('Hourly Usage'!D$4:D$63,'Hourly Usage'!$A$4:$A$63,"Year 2",'Hourly Usage'!$B$4:$B$63,$N22,'Hourly Usage'!$C$4:$C$63,$O22) -> 0 | T22: =ABS(Q22-R22) -> 0 | U22: =ABS(Q22-S22) -> 0 | V22: =IF(R22>=$B$7-0.000001,1,0) -> 0 | W22: =IF(Q22>=$B$7-0.000001,1,0) -> 0 | X22: =IF(V22=W22,1,0) -> 1 | Y22: =IF(IF(S22>=$B$7-0.000001,1,0)=W22,1,0) -> 1
N23: Fall | O23: Wed | P23: 9-10 AM | Q23: =SUMIFS('Hourly Usage'!E$4:E$63,'Hourly Usage'!$A$4:$A$63,"Year 3",'Hourly Usage'!$B$4:$B$63,$N23,'Hourly Usage'!$C$4:$C$63,$O23) -> 0 | R23: =$B$5*SUMIFS('Hourly Usage'!E$4:E$63,'Hourly Usage'!$A$4:$A$63,"Year 1",'Hourly Usage'!$B$4:$B$63,$N23,'Hourly Usage'!$C$4:$C$63,$O23)+$B$6*SUMIFS('Hourly Usage'!E$4:E$63,'Hourly Usage'!$A$4:$A$63,"Year 2",'Hourly Usage'!$B$4:$B$63,$N23,'Hourly Usage'!$C$4:$C$63,$O23) -> 0.4 | S23: =SUMIFS('Hourly Usage'!E$4:E$63,'Hourly Usage'!$A$4:$A$63,"Year 2",'Hourly Usage'!$B$4:$B$63,$N23,'Hourly Usage'!$C$4:$C$63,$O23) -> 0 | T23: =ABS(Q23-R23) -> 0.4 | U23: =ABS(Q23-S23) -> 0 | V23: =IF(R23>=$B$7-0.000001,1,0) -> 0 | W23: =IF(Q23>=$B$7-0.000001,1,0) -> 0 | X23: =IF(V23=W23,1,0) -> 1 | Y23: =IF(IF(S23>=$B$7-0.000001,1,0)=W23,1,0) -> 1
A24: Quarter | B24: Week | C24: Actual Y3 bookings | D24: Model forecast | E24: Naive forecast | F24: Model abs error | G24: Naive abs error | H24: Actual Y3 hours | I24: Model hours | J24: Naive hours | K24: Model abs error (hrs) | L24: Naive abs error (hrs) | N24: Fall | O24: Wed | P24: 10-11 AM | Q24: =SUMIFS('Hourly Usage'!F$4:F$63,'Hourly Usage'!$A$4:$A$63,"Year 3",'Hourly Usage'!$B$4:$B$63,$N24,'Hourly Usage'!$C$4:$C$63,$O24) -> 0 | R24: =$B$5*SUMIFS('Hourly Usage'!F$4:F$63,'Hourly Usage'!$A$4:$A$63,"Year 1",'Hourly Usage'!$B$4:$B$63,$N24,'Hourly Usage'!$C$4:$C$63,$O24)+$B$6*SUMIFS('Hourly Usage'!F$4:F$63,'Hourly Usage'!$A$4:$A$63,"Year 2",'Hourly Usage'!$B$4:$B$63,$N24,'Hourly Usage'!$C$4:$C$63,$O24) -> 0.4 | S24: =SUMIFS('Hourly Usage'!F$4:F$63,'Hourly Usage'!$A$4:$A$63,"Year 2",'Hourly Usage'!$B$4:$B$63,$N24,'Hourly Usage'!$C$4:$C$63,$O24) -> 0 | T24: =ABS(Q24-R24) -> 0.4 | U24: =ABS(Q24-S24) -> 0 | V24: =IF(R24>=$B$7-0.000001,1,0) -> 0 | W24: =IF(Q24>=$B$7-0.000001,1,0) -> 0 | X24: =IF(V24=W24,1,0) -> 1 | Y24: =IF(IF(S24>=$B$7-0.000001,1,0)=W24,1,0) -> 1
A25: ='Weekly History'!A3 -> Fall | B25: ='Weekly History'!B3 -> Fall Wk 1 | C25: ='Weekly History'!E3 -> 10 | D25: =$B$5*'Weekly History'!C3+$B$6*'Weekly History'!D3 -> 11.4 | E25: ='Weekly History'!D3 -> 11 | F25: =ABS(C25-D25) -> 1.4 | G25: =ABS(C25-E25) -> 1 | H25: ='Weekly History'!H3 -> 16.290909 | I25: =$B$5*'Weekly History'!F3+$B$6*'Weekly History'!G3 -> 21.07 | J25: ='Weekly History'!G3 -> 21.25 | K25: =ABS(H25-I25) -> 4.7790909 | L25: =ABS(H25-J25) -> 4.9590909 | N25: Fall | O25: Wed | P25: 11 AM-12 PM | Q25: =SUMIFS('Hourly Usage'!G$4:G$63,'Hourly Usage'!$A$4:$A$63,"Year 3",'Hourly Usage'!$B$4:$B$63,$N25,'Hourly Usage'!$C$4:$C$63,$O25) -> 0 | R25: =$B$5*SUMIFS('Hourly Usage'!G$4:G$63,'Hourly Usage'!$A$4:$A$63,"Year 1",'Hourly Usage'!$B$4:$B$63,$N25,'Hourly Usage'!$C$4:$C$63,$O25)+$B$6*SUMIFS('Hourly Usage'!G$4:G$63,'Hourly Usage'!$A$4:$A$63,"Year 2",'Hourly Usage'!$B$4:$B$63,$N25,'Hourly Usage'!$C$4:$C$63,$O25) -> 0.2 | S25: =SUMIFS('Hourly Usage'!G$4:G$63,'Hourly Usage'!$A$4:$A$63,"Year 2",'Hourly Usage'!$B$4:$B$63,$N25,'Hourly Usage'!$C$4:$C$63,$O25) -> 0 | T25: =ABS(Q25-R25) -> 0.2 | U25: =ABS(Q25-S25) -> 0 | V25: =IF(R25>=$B$7-0.000001,1,0) -> 0 | W25: =IF(Q25>=$B$7-0.000001,1,0) -> 0 | X25: =IF(V25=W25,1,0) -> 1 | Y25: =IF(IF(S25>=$B$7-0.000001,1,0)=W25,1,0) -> 1
A26: ='Weekly History'!A4 -> Fall | B26: ='Weekly History'!B4 -> Fall Wk 2 | C26: ='Weekly History'!E4 -> 12 | D26: =$B$5*'Weekly History'!C4+$B$6*'Weekly History'!D4 -> 11.4 | E26: ='Weekly History'!D4 -> 11 | F26: =ABS(C26-D26) -> 0.6 | G26: =ABS(C26-E26) -> 1 | H26: ='Weekly History'!H4 -> 19.549091 | I26: =$B$5*'Weekly History'!F4+$B$6*'Weekly History'!G4 -> 21.07 | J26: ='Weekly History'!G4 -> 21.25 | K26: =ABS(H26-I26) -> 1.5209091 | L26: =ABS(H26-J26) -> 1.7009091 | N26: Fall | O26: Wed | P26: 12-1 PM | Q26: =SUMIFS('Hourly Usage'!H$4:H$63,'Hourly Usage'!$A$4:$A$63,"Year 3",'Hourly Usage'!$B$4:$B$63,$N26,'Hourly Usage'!$C$4:$C$63,$O26) -> 1 | R26: =$B$5*SUMIFS('Hourly Usage'!H$4:H$63,'Hourly Usage'!$A$4:$A$63,"Year 1",'Hourly Usage'!$B$4:$B$63,$N26,'Hourly Usage'!$C$4:$C$63,$O26)+$B$6*SUMIFS('Hourly Usage'!H$4:H$63,'Hourly Usage'!$A$4:$A$63,"Year 2",'Hourly Usage'!$B$4:$B$63,$N26,'Hourly Usage'!$C$4:$C$63,$O26) -> 1 | S26: =SUMIFS('Hourly Usage'!H$4:H$63,'Hourly Usage'!$A$4:$A$63,"Year 2",'Hourly Usage'!$B$4:$B$63,$N26,'Hourly Usage'!$C$4:$C$63,$O26) -> 1 | T26: =ABS(Q26-R26) -> 0 | U26: =ABS(Q26-S26) -> 0 | V26: =IF(R26>=$B$7-0.000001,1,0) -> 1 | W26: =IF(Q26>=$B$7-0.000001,1,0) -> 1 | X26: =IF(V26=W26,1,0) -> 1 | Y26: =IF(IF(S26>=$B$7-0.000001,1,0)=W26,1,0) -> 1
A27: ='Weekly History'!A5 -> Fall | B27: ='Weekly History'!B5 -> Fall Wk 3 | C27: ='Weekly History'!E5 -> 15 | D27: =$B$5*'Weekly History'!C5+$B$6*'Weekly History'!D5 -> 14.8 | E27: ='Weekly History'!D5 -> 14 | F27: =ABS(C27-D27) -> 0.2 | G27: =ABS(C27-E27) -> 1 | H27: ='Weekly History'!H5 -> 24.436364 | I27: =$B$5*'Weekly History'!F5+$B$6*'Weekly History'!G5 -> 27.320606 | J27: ='Weekly History'!G5 -> 27.045455 | K27: =ABS(H27-I27) -> 2.8842424 | L27: =ABS(H27-J27) -> 2.6090909 | N27: Fall | O27: Wed | P27: 1-2 PM | Q27: =SUMIFS('Hourly Usage'!I$4:I$63,'Hourly Usage'!$A$4:$A$63,"Year 3",'Hourly Usage'!$B$4:$B$63,$N27,'Hourly Usage'!$C$4:$C$63,$O27) -> 0.5 | R27: =$B$5*SUMIFS('Hourly Usage'!I$4:I$63,'Hourly Usage'!$A$4:$A$63,"Year 1",'Hourly Usage'!$B$4:$B$63,$N27,'Hourly Usage'!$C$4:$C$63,$O27)+$B$6*SUMIFS('Hourly Usage'!I$4:I$63,'Hourly Usage'!$A$4:$A$63,"Year 2",'Hourly Usage'!$B$4:$B$63,$N27,'Hourly Usage'!$C$4:$C$63,$O27) -> 0.35 | S27: =SUMIFS('Hourly Usage'!I$4:I$63,'Hourly Usage'!$A$4:$A$63,"Year 2",'Hourly Usage'!$B$4:$B$63,$N27,'Hourly Usage'!$C$4:$C$63,$O27) -> 0.25 | T27: =ABS(Q27-R27) -> 0.15 | U27: =ABS(Q27-S27) -> 0.25 | V27: =IF(R27>=$B$7-0.000001,1,0) -> 0 | W27: =IF(Q27>=$B$7-0.000001,1,0) -> 1 | X27: =IF(V27=W27,1,0) -> 0 | Y27: =IF(IF(S27>=$B$7-0.000001,1,0)=W27,1,0) -> 0
A28: ='Weekly History'!A6 -> Fall | B28: ='Weekly History'!B6 -> Fall Wk 4 | C28: ='Weekly History'!E6 -> 12 | D28: =$B$5*'Weekly History'!C6+$B$6*'Weekly History'!D6 -> 12.4 | E28: ='Weekly History'!D6 -> 12 | F28: =ABS(C28-D28) -> 0.4 | G28: =ABS(C28-E28) -> 0 | H28: ='Weekly History'!H6 -> 19.549091 | I28: =$B$5*'Weekly History'!F6+$B$6*'Weekly History'!G6 -> 22.922424 | J28: ='Weekly History'!G6 -> 23.181818 | K28: =ABS(H28-I28) -> 3.3733333 | L28: =ABS(H28-J28) -> 3.6327273 | N28: Fall | O28: Wed | P28: 2-3 PM | Q28: =SUMIFS('Hourly Usage'!J$4:J$63,'Hourly Usage'!$A$4:$A$63,"Year 3",'Hourly Usage'!$B$4:$B$63,$N28,'Hourly Usage'!$C$4:$C$63,$O28) -> 0 | R28: =$B$5*SUMIFS('Hourly Usage'!J$4:J$63,'Hourly Usage'!$A$4:$A$63,"Year 1",'Hourly Usage'!$B$4:$B$63,$N28,'Hourly Usage'!$C$4:$C$63,$O28)+$B$6*SUMIFS('Hourly Usage'!J$4:J$63,'Hourly Usage'!$A$4:$A$63,"Year 2",'Hourly Usage'!$B$4:$B$63,$N28,'Hourly Usage'!$C$4:$C$63,$O28) -> 0.4 | S28: =SUMIFS('Hourly Usage'!J$4:J$63,'Hourly Usage'!$A$4:$A$63,"Year 2",'Hourly Usage'!$B$4:$B$63,$N28,'Hourly Usage'!$C$4:$C$63,$O28) -> 0 | T28: =ABS(Q28-R28) -> 0.4 | U28: =ABS(Q28-S28) -> 0 | V28: =IF(R28>=$B$7-0.000001,1,0) -> 0 | W28: =IF(Q28>=$B$7-0.000001,1,0) -> 0 | X28: =IF(V28=W28,1,0) -> 1 | Y28: =IF(IF(S28>=$B$7-0.000001,1,0)=W28,1,0) -> 1
A29: ='Weekly History'!A7 -> Fall | B29: ='Weekly History'!B7 -> Fall Wk 5 | C29: ='Weekly History'!E7 -> 11 | D29: =$B$5*'Weekly History'!C7+$B$6*'Weekly History'!D7 -> 12.6 | E29: ='Weekly History'!D7 -> 11 | F29: =ABS(C29-D29) -> 1.6 | G29: =ABS(C29-E29) -> 0 | H29: ='Weekly History'!H7 -> 17.92 | I29: =$B$5*'Weekly History'!F7+$B$6*'Weekly History'!G7 -> 23.15 | J29: ='Weekly History'!G7 -> 21.25 | K29: =ABS(H29-I29) -> 5.23 | L29: =ABS(H29-J29) -> 3.33 | N29: Fall | O29: Wed | P29: 3-4 PM | Q29: =SUMIFS('Hourly Usage'!K$4:K$63,'Hourly Usage'!$A$4:$A$63,"Year 3",'Hourly Usage'!$B$4:$B$63,$N29,'Hourly Usage'!$C$4:$C$63,$O29) -> 0.5 | R29: =$B$5*SUMIFS('Hourly Usage'!K$4:K$63,'Hourly Usage'!$A$4:$A$63,"Year 1",'Hourly Usage'!$B$4:$B$63,$N29,'Hourly Usage'!$C$4:$C$63,$O29)+$B$6*SUMIFS('Hourly Usage'!K$4:K$63,'Hourly Usage'!$A$4:$A$63,"Year 2",'Hourly Usage'!$B$4:$B$63,$N29,'Hourly Usage'!$C$4:$C$63,$O29) -> 0.4 | S29: =SUMIFS('Hourly Usage'!K$4:K$63,'Hourly Usage'!$A$4:$A$63,"Year 2",'Hourly Usage'!$B$4:$B$63,$N29,'Hourly Usage'!$C$4:$C$63,$O29) -> 0 | T29: =ABS(Q29-R29) -> 0.1 | U29: =ABS(Q29-S29) -> 0.5 | V29: =IF(R29>=$B$7-0.000001,1,0) -> 0 | W29: =IF(Q29>=$B$7-0.000001,1,0) -> 1 | X29: =IF(V29=W29,1,0) -> 0 | Y29: =IF(IF(S29>=$B$7-0.000001,1,0)=W29,1,0) -> 0
A30: ='Weekly History'!A8 -> Fall | B30: ='Weekly History'!B8 -> Fall Wk 6 | C30: ='Weekly History'!E8 -> 13 | D30: =$B$5*'Weekly History'!C8+$B$6*'Weekly History'!D8 -> 12.8 | E30: ='Weekly History'!D8 -> 12 | F30: =ABS(C30-D30) -> 0.2 | G30: =ABS(C30-E30) -> 1 | H30: ='Weekly History'!H8 -> 21.178182 | I30: =$B$5*'Weekly History'!F8+$B$6*'Weekly History'!G8 -> 23.615758 | J30: ='Weekly History'!G8 -> 23.181818 | K30: =ABS(H30-I30) -> 2.4375758 | L30: =ABS(H30-J30) -> 2.0036364 | N30: Fall | O30: Wed | P30: 4-5 PM | Q30: =SUMIFS('Hourly Usage'!L$4:L$63,'Hourly Usage'!$A$4:$A$63,"Year 3",'Hourly Usage'!$B$4:$B$63,$N30,'Hourly Usage'!$C$4:$C$63,$O30) -> 1 | R30: =$B$5*SUMIFS('Hourly Usage'!L$4:L$63,'Hourly Usage'!$A$4:$A$63,"Year 1",'Hourly Usage'!$B$4:$B$63,$N30,'Hourly Usage'!$C$4:$C$63,$O30)+$B$6*SUMIFS('Hourly Usage'!L$4:L$63,'Hourly Usage'!$A$4:$A$63,"Year 2",'Hourly Usage'!$B$4:$B$63,$N30,'Hourly Usage'!$C$4:$C$63,$O30) -> 0.4 | S30: =SUMIFS('Hourly Usage'!L$4:L$63,'Hourly Usage'!$A$4:$A$63,"Year 2",'Hourly Usage'!$B$4:$B$63,$N30,'Hourly Usage'!$C$4:$C$63,$O30) -> 0 | T30: =ABS(Q30-R30) -> 0.6 | U30: =ABS(Q30-S30) -> 1 | V30: =IF(R30>=$B$7-0.000001,1,0) -> 0 | W30: =IF(Q30>=$B$7-0.000001,1,0) -> 1 | X30: =IF(V30=W30,1,0) -> 0 | Y30: =IF(IF(S30>=$B$7-0.000001,1,0)=W30,1,0) -> 0
A31: ='Weekly History'!A9 -> Fall | B31: ='Weekly History'!B9 -> Fall Wk 7 | C31: ='Weekly History'!E9 -> 15 | D31: =$B$5*'Weekly History'!C9+$B$6*'Weekly History'!D9 -> 14 | E31: ='Weekly History'!D9 -> 14 | F31: =ABS(C31-D31) -> 1 | G31: =ABS(C31-E31) -> 1 | H31: ='Weekly History'!H9 -> 24.436364 | I31: =$B$5*'Weekly History'!F9+$B$6*'Weekly History'!G9 -> 25.933939 | J31: ='Weekly History'!G9 -> 27.045455 | K31: =ABS(H31-I31) -> 1.4975758 | L31: =ABS(H31-J31) -> 2.6090909 | N31: Fall | O31: Thu | P31: 8-9 AM | Q31: =SUMIFS('Hourly Usage'!D$4:D$63,'Hourly Usage'!$A$4:$A$63,"Year 3",'Hourly Usage'!$B$4:$B$63,$N31,'Hourly Usage'!$C$4:$C$63,$O31) -> 0 | R31: =$B$5*SUMIFS('Hourly Usage'!D$4:D$63,'Hourly Usage'!$A$4:$A$63,"Year 1",'Hourly Usage'!$B$4:$B$63,$N31,'Hourly Usage'!$C$4:$C$63,$O31)+$B$6*SUMIFS('Hourly Usage'!D$4:D$63,'Hourly Usage'!$A$4:$A$63,"Year 2",'Hourly Usage'!$B$4:$B$63,$N31,'Hourly Usage'!$C$4:$C$63,$O31) -> 0 | S31: =SUMIFS('Hourly Usage'!D$4:D$63,'Hourly Usage'!$A$4:$A$63,"Year 2",'Hourly Usage'!$B$4:$B$63,$N31,'Hourly Usage'!$C$4:$C$63,$O31) -> 0 | T31: =ABS(Q31-R31) -> 0 | U31: =ABS(Q31-S31) -> 0 | V31: =IF(R31>=$B$7-0.000001,1,0) -> 0 | W31: =IF(Q31>=$B$7-0.000001,1,0) -> 0 | X31: =IF(V31=W31,1,0) -> 1 | Y31: =IF(IF(S31>=$B$7-0.000001,1,0)=W31,1,0) -> 1
A32: ='Weekly History'!A10 -> Fall | B32: ='Weekly History'!B10 -> Fall Wk 8 | C32: ='Weekly History'!E10 -> 14 | D32: =$B$5*'Weekly History'!C10+$B$6*'Weekly History'!D10 -> 12.8 | E32: ='Weekly History'!D10 -> 12 | F32: =ABS(C32-D32) -> 1.2 | G32: =ABS(C32-E32) -> 2 | H32: ='Weekly History'!H10 -> 22.807273 | I32: =$B$5*'Weekly History'!F10+$B$6*'Weekly History'!G10 -> 23.615758 | J32: ='Weekly History'!G10 -> 23.181818 | K32: =ABS(H32-I32) -> 0.80848485 | L32: =ABS(H32-J32) -> 0.37454545 | N32: Fall | O32: Thu | P32: 9-10 AM | Q32: =SUMIFS('Hourly Usage'!E$4:E$63,'Hourly Usage'!$A$4:$A$63,"Year 3",'Hourly Usage'!$B$4:$B$63,$N32,'Hourly Usage'!$C$4:$C$63,$O32) -> 0 | R32: =$B$5*SUMIFS('Hourly Usage'!E$4:E$63,'Hourly Usage'!$A$4:$A$63,"Year 1",'Hourly Usage'!$B$4:$B$63,$N32,'Hourly Usage'!$C$4:$C$63,$O32)+$B$6*SUMIFS('Hourly Usage'!E$4:E$63,'Hourly Usage'!$A$4:$A$63,"Year 2",'Hourly Usage'!$B$4:$B$63,$N32,'Hourly Usage'!$C$4:$C$63,$O32) -> 0.6 | S32: =SUMIFS('Hourly Usage'!E$4:E$63,'Hourly Usage'!$A$4:$A$63,"Year 2",'Hourly Usage'!$B$4:$B$63,$N32,'Hourly Usage'!$C$4:$C$63,$O32) -> 1 | T32: =ABS(Q32-R32) -> 0.6 | U32: =ABS(Q32-S32) -> 1 | V32: =IF(R32>=$B$7-0.000001,1,0) -> 1 | W32: =IF(Q32>=$B$7-0.000001,1,0) -> 0 | X32: =IF(V32=W32,1,0) -> 0 | Y32: =IF(IF(S32>=$B$7-0.000001,1,0)=W32,1,0) -> 0
A33: ='Weekly History'!A11 -> Fall | B33: ='Weekly History'!B11 -> Fall Wk 9 | C33: ='Weekly History'!E11 -> 15 | D33: =$B$5*'Weekly History'!C11+$B$6*'Weekly History'!D11 -> 11.6 | E33: ='Weekly History'!D11 -> 10 | F33: =ABS(C33-D33) -> 3.4 | G33: =ABS(C33-E33) -> 5 | H33: ='Weekly History'!H11 -> 24.436364 | I33: =$B$5*'Weekly History'!F11+$B$6*'Weekly History'!G11 -> 21.297576 | J33: ='Weekly History'!G11 -> 19.318182 | K33: =ABS(H33-I33) -> 3.1387879 | L33: =ABS(H33-J33) -> 5.1181818 | N33: Fall | O33: Thu | P33: 10-11 AM | Q33: =SUMIFS('Hourly Usage'!F$4:F$63,'Hourly Usage'!$A$4:$A$63,"Year 3",'Hourly Usage'!$B$4:$B$63,$N33,'Hourly Usage'!$C$4:$C$63,$O33) -> 0 | R33: =$B$5*SUMIFS('Hourly Usage'!F$4:F$63,'Hourly Usage'!$A$4:$A$63,"Year 1",'Hourly Usage'!$B$4:$B$63,$N33,'Hourly Usage'!$C$4:$C$63,$O33)+$B$6*SUMIFS('Hourly Usage'!F$4:F$63,'Hourly Usage'!$A$4:$A$63,"Year 2",'Hourly Usage'!$B$4:$B$63,$N33,'Hourly Usage'!$C$4:$C$63,$O33) -> 0.6 | S33: =SUMIFS('Hourly Usage'!F$4:F$63,'Hourly Usage'!$A$4:$A$63,"Year 2",'Hourly Usage'!$B$4:$B$63,$N33,'Hourly Usage'!$C$4:$C$63,$O33) -> 1 | T33: =ABS(Q33-R33) -> 0.6 | U33: =ABS(Q33-S33) -> 1 | V33: =IF(R33>=$B$7-0.000001,1,0) -> 1 | W33: =IF(Q33>=$B$7-0.000001,1,0) -> 0 | X33: =IF(V33=W33,1,0) -> 0 | Y33: =IF(IF(S33>=$B$7-0.000001,1,0)=W33,1,0) -> 0
A34: ='Weekly History'!A12 -> Fall | B34: ='Weekly History'!B12 -> Fall Thanksgiving | C34: ='Weekly History'!E12 -> 13 | D34: =$B$5*'Weekly History'!C12+$B$6*'Weekly History'!D12 -> 11.6 | E34: ='Weekly History'!D12 -> 10 | F34: =ABS(C34-D34) -> 1.4 | G34: =ABS(C34-E34) -> 3 | H34: ='Weekly History'!H12 -> 21.178182 | I34: =$B$5*'Weekly History'!F12+$B$6*'Weekly History'!G12 -> 21.297576 | J34: ='Weekly History'!G12 -> 19.318182 | K34: =ABS(H34-I34) -> 0.11939394 | L34: =ABS(H34-J34) -> 1.86 | N34: Fall | O34: Thu | P34: 11 AM-12 PM | Q34: =SUMIFS('Hourly Usage'!G$4:G$63,'Hourly Usage'!$A$4:$A$63,"Year 3",'Hourly Usage'!$B$4:$B$63,$N34,'Hourly Usage'!$C$4:$C$63,$O34) -> 0 | R34: =$B$5*SUMIFS('Hourly Usage'!G$4:G$63,'Hourly Usage'!$A$4:$A$63,"Year 1",'Hourly Usage'!$B$4:$B$63,$N34,'Hourly Usage'!$C$4:$C$63,$O34)+$B$6*SUMIFS('Hourly Usage'!G$4:G$63,'Hourly Usage'!$A$4:$A$63,"Year 2",'Hourly Usage'!$B$4:$B$63,$N34,'Hourly Usage'!$C$4:$C$63,$O34) -> 0.6 | S34: =SUMIFS('Hourly Usage'!G$4:G$63,'Hourly Usage'!$A$4:$A$63,"Year 2",'Hourly Usage'!$B$4:$B$63,$N34,'Hourly Usage'!$C$4:$C$63,$O34) -> 1 | T34: =ABS(Q34-R34) -> 0.6 | U34: =ABS(Q34-S34) -> 1 | V34: =IF(R34>=$B$7-0.000001,1,0) -> 1 | W34: =IF(Q34>=$B$7-0.000001,1,0) -> 0 | X34: =IF(V34=W34,1,0) -> 0 | Y34: =IF(IF(S34>=$B$7-0.000001,1,0)=W34,1,0) -> 0
A35: ='Weekly History'!A13 -> Fall | B35: ='Weekly History'!B13 -> Fall Wk 10 | C35: ='Weekly History'!E13 -> 14 | D35: =$B$5*'Weekly History'!C13+$B$6*'Weekly History'!D13 -> 15.2 | E35: ='Weekly History'!D13 -> 16 | F35: =ABS(C35-D35) -> 1.2 | G35: =ABS(C35-E35) -> 2 | H35: ='Weekly History'!H13 -> 22.807273 | I35: =$B$5*'Weekly History'!F13+$B$6*'Weekly History'!G13 -> 28.252121 | J35: ='Weekly History'!G13 -> 30.909091 | K35: =ABS(H35-I35) -> 5.4448485 | L35: =ABS(H35-J35) -> 8.1018182 | N35: Fall | O35: Thu | P35: 12-1 PM | Q35: =SUMIFS('Hourly Usage'!H$4:H$63,'Hourly Usage'!$A$4:$A$63,"Year 3",'Hourly Usage'!$B$4:$B$63,$N35,'Hourly Usage'!$C$4:$C$63,$O35) -> 1 | R35: =$B$5*SUMIFS('Hourly Usage'!H$4:H$63,'Hourly Usage'!$A$4:$A$63,"Year 1",'Hourly Usage'!$B$4:$B$63,$N35,'Hourly Usage'!$C$4:$C$63,$O35)+$B$6*SUMIFS('Hourly Usage'!H$4:H$63,'Hourly Usage'!$A$4:$A$63,"Year 2",'Hourly Usage'!$B$4:$B$63,$N35,'Hourly Usage'!$C$4:$C$63,$O35) -> 1 | S35: =SUMIFS('Hourly Usage'!H$4:H$63,'Hourly Usage'!$A$4:$A$63,"Year 2",'Hourly Usage'!$B$4:$B$63,$N35,'Hourly Usage'!$C$4:$C$63,$O35) -> 1 | T35: =ABS(Q35-R35) -> 0 | U35: =ABS(Q35-S35) -> 0 | V35: =IF(R35>=$B$7-0.000001,1,0) -> 1 | W35: =IF(Q35>=$B$7-0.000001,1,0) -> 1 | X35: =IF(V35=W35,1,0) -> 1 | Y35: =IF(IF(S35>=$B$7-0.000001,1,0)=W35,1,0) -> 1
A36: ='Weekly History'!A14 -> Fall | B36: ='Weekly History'!B14 -> Fall Finals | C36: ='Weekly History'!E14 -> 12 | D36: =$B$5*'Weekly History'!C14+$B$6*'Weekly History'!D14 -> 13 | E36: ='Weekly History'!D14 -> 13 | F36: =ABS(C36-D36) -> 1 | G36: =ABS(C36-E36) -> 1 | H36: ='Weekly History'!H14 -> 19.549091 | I36: =$B$5*'Weekly History'!F14+$B$6*'Weekly History'!G14 -> 24.081515 | J36: ='Weekly History'!G14 -> 25.113636 | K36: =ABS(H36-I36) -> 4.5324242 | L36: =ABS(H36-J36) -> 5.5645455 | N36: Fall | O36: Thu | P36: 1-2 PM | Q36: =SUMIFS('Hourly Usage'!I$4:I$63,'Hourly Usage'!$A$4:$A$63,"Year 3",'Hourly Usage'!$B$4:$B$63,$N36,'Hourly Usage'!$C$4:$C$63,$O36) -> 0.66666667 | R36: =$B$5*SUMIFS('Hourly Usage'!I$4:I$63,'Hourly Usage'!$A$4:$A$63,"Year 1",'Hourly Usage'!$B$4:$B$63,$N36,'Hourly Usage'!$C$4:$C$63,$O36)+$B$6*SUMIFS('Hourly Usage'!I$4:I$63,'Hourly Usage'!$A$4:$A$63,"Year 2",'Hourly Usage'!$B$4:$B$63,$N36,'Hourly Usage'!$C$4:$C$63,$O36) -> 0.5 | S36: =SUMIFS('Hourly Usage'!I$4:I$63,'Hourly Usage'!$A$4:$A$63,"Year 2",'Hourly Usage'!$B$4:$B$63,$N36,'Hourly Usage'!$C$4:$C$63,$O36) -> 0.5 | T36: =ABS(Q36-R36) -> 0.16666667 | U36: =ABS(Q36-S36) -> 0.16666667 | V36: =IF(R36>=$B$7-0.000001,1,0) -> 1 | W36: =IF(Q36>=$B$7-0.000001,1,0) -> 1 | X36: =IF(V36=W36,1,0) -> 1 | Y36: =IF(IF(S36>=$B$7-0.000001,1,0)=W36,1,0) -> 1
A37: ='Weekly History'!A15 -> Winter | B37: ='Weekly History'!B15 -> Winter Wk 1 | C37: ='Weekly History'!E15 -> 10 | D37: =$B$5*'Weekly History'!C15+$B$6*'Weekly History'!D15 -> 13.2 | E37: ='Weekly History'!D15 -> 14 | F37: =ABS(C37-D37) -> 3.2 | G37: =ABS(C37-E37) -> 4 | H37: ='Weekly History'!H15 -> 16.6 | I37: =$B$5*'Weekly History'!F15+$B$6*'Weekly History'!G15 -> 19.528154 | J37: ='Weekly History'!G15 -> 20.75 | K37: =ABS(H37-I37) -> 2.9281538 | L37: =ABS(H37-J37) -> 4.15 | N37: Fall | O37: Thu | P37: 2-3 PM | Q37: =SUMIFS('Hourly Usage'!J$4:J$63,'Hourly Usage'!$A$4:$A$63,"Year 3",'Hourly Usage'!$B$4:$B$63,$N37,'Hourly Usage'!$C$4:$C$63,$O37) -> 0 | R37: =$B$5*SUMIFS('Hourly Usage'!J$4:J$63,'Hourly Usage'!$A$4:$A$63,"Year 1",'Hourly Usage'!$B$4:$B$63,$N37,'Hourly Usage'!$C$4:$C$63,$O37)+$B$6*SUMIFS('Hourly Usage'!J$4:J$63,'Hourly Usage'!$A$4:$A$63,"Year 2",'Hourly Usage'!$B$4:$B$63,$N37,'Hourly Usage'!$C$4:$C$63,$O37) -> 0 | S37: =SUMIFS('Hourly Usage'!J$4:J$63,'Hourly Usage'!$A$4:$A$63,"Year 2",'Hourly Usage'!$B$4:$B$63,$N37,'Hourly Usage'!$C$4:$C$63,$O37) -> 0 | T37: =ABS(Q37-R37) -> 0 | U37: =ABS(Q37-S37) -> 0 | V37: =IF(R37>=$B$7-0.000001,1,0) -> 0 | W37: =IF(Q37>=$B$7-0.000001,1,0) -> 0 | X37: =IF(V37=W37,1,0) -> 1 | Y37: =IF(IF(S37>=$B$7-0.000001,1,0)=W37,1,0) -> 1
A38: ='Weekly History'!A16 -> Winter | B38: ='Weekly History'!B16 -> Winter Wk 2 | C38: ='Weekly History'!E16 -> 11 | D38: =$B$5*'Weekly History'!C16+$B$6*'Weekly History'!D16 -> 13 | E38: ='Weekly History'!D16 -> 13 | F38: =ABS(C38-D38) -> 2 | G38: =ABS(C38-E38) -> 2 | H38: ='Weekly History'!H16 -> 18.26 | I38: =$B$5*'Weekly History'!F16+$B$6*'Weekly History'!G16 -> 19.228714 | J38: ='Weekly History'!G16 -> 19.267857 | K38: =ABS(H38-I38) -> 0.96871429 | L38: =ABS(H38-J38) -> 1.0078571 | N38: Fall | O38: Thu | P38: 3-4 PM | Q38: =SUMIFS('Hourly Usage'!K$4:K$63,'Hourly Usage'!$A$4:$A$63,"Year 3",'Hourly Usage'!$B$4:$B$63,$N38,'Hourly Usage'!$C$4:$C$63,$O38) -> 1 | R38: =$B$5*SUMIFS('Hourly Usage'!K$4:K$63,'Hourly Usage'!$A$4:$A$63,"Year 1",'Hourly Usage'!$B$4:$B$63,$N38,'Hourly Usage'!$C$4:$C$63,$O38)+$B$6*SUMIFS('Hourly Usage'!K$4:K$63,'Hourly Usage'!$A$4:$A$63,"Year 2",'Hourly Usage'!$B$4:$B$63,$N38,'Hourly Usage'!$C$4:$C$63,$O38) -> 1 | S38: =SUMIFS('Hourly Usage'!K$4:K$63,'Hourly Usage'!$A$4:$A$63,"Year 2",'Hourly Usage'!$B$4:$B$63,$N38,'Hourly Usage'!$C$4:$C$63,$O38) -> 1 | T38: =ABS(Q38-R38) -> 0 | U38: =ABS(Q38-S38) -> 0 | V38: =IF(R38>=$B$7-0.000001,1,0) -> 1 | W38: =IF(Q38>=$B$7-0.000001,1,0) -> 1 | X38: =IF(V38=W38,1,0) -> 1 | Y38: =IF(IF(S38>=$B$7-0.000001,1,0)=W38,1,0) -> 1
A39: ='Weekly History'!A17 -> Winter | B39: ='Weekly History'!B17 -> Winter Wk 3 | C39: ='Weekly History'!E17 -> 12 | D39: =$B$5*'Weekly History'!C17+$B$6*'Weekly History'!D17 -> 16.8 | E39: ='Weekly History'!D17 -> 16 | F39: =ABS(C39-D39) -> 4.8 | G39: =ABS(C39-E39) -> 4 | H39: ='Weekly History'!H17 -> 19.92 | I39: =$B$5*'Weekly History'!F17+$B$6*'Weekly History'!G17 -> 24.845802 | J39: ='Weekly History'!G17 -> 23.714286 | K39: =ABS(H39-I39) -> 4.9258022 | L39: =ABS(H39-J39) -> 3.7942857 | N39: Fall | O39: Thu | P39: 4-5 PM | Q39: =SUMIFS('Hourly Usage'!L$4:L$63,'Hourly Usage'!$A$4:$A$63,"Year 3",'Hourly Usage'!$B$4:$B$63,$N39,'Hourly Usage'!$C$4:$C$63,$O39) -> 0 | R39: =$B$5*SUMIFS('Hourly Usage'!L$4:L$63,'Hourly Usage'!$A$4:$A$63,"Year 1",'Hourly Usage'!$B$4:$B$63,$N39,'Hourly Usage'!$C$4:$C$63,$O39)+$B$6*SUMIFS('Hourly Usage'!L$4:L$63,'Hourly Usage'!$A$4:$A$63,"Year 2",'Hourly Usage'!$B$4:$B$63,$N39,'Hourly Usage'!$C$4:$C$63,$O39) -> 0.2 | S39: =SUMIFS('Hourly Usage'!L$4:L$63,'Hourly Usage'!$A$4:$A$63,"Year 2",'Hourly Usage'!$B$4:$B$63,$N39,'Hourly Usage'!$C$4:$C$63,$O39) -> 0 | T39: =ABS(Q39-R39) -> 0.2 | U39: =ABS(Q39-S39) -> 0 | V39: =IF(R39>=$B$7-0.000001,1,0) -> 0 | W39: =IF(Q39>=$B$7-0.000001,1,0) -> 0 | X39: =IF(V39=W39,1,0) -> 1 | Y39: =IF(IF(S39>=$B$7-0.000001,1,0)=W39,1,0) -> 1
A40: ='Weekly History'!A18 -> Winter | B40: ='Weekly History'!B18 -> Winter Wk 4 | C40: ='Weekly History'!E18 -> 11 | D40: =$B$5*'Weekly History'!C18+$B$6*'Weekly History'!D18 -> 14 | E40: ='Weekly History'!D18 -> 14 | F40: =ABS(C40-D40) -> 3 | G40: =ABS(C40-E40) -> 3 | H40: ='Weekly History'!H18 -> 18.26 | I40: =$B$5*'Weekly History'!F18+$B$6*'Weekly History'!G18 -> 20.707846 | J40: ='Weekly History'!G18 -> 20.75 | K40: =ABS(H40-I40) -> 2.4478462 | L40: =ABS(H40-J40) -> 2.49 | N40: Fall | O40: Fri | P40: 8-9 AM | Q40: =SUMIFS('Hourly Usage'!D$4:D$63,'Hourly Usage'!$A$4:$A$63,"Year 3",'Hourly Usage'!$B$4:$B$63,$N40,'Hourly Usage'!$C$4:$C$63,$O40) -> 0 | R40: =$B$5*SUMIFS('Hourly Usage'!D$4:D$63,'Hourly Usage'!$A$4:$A$63,"Year 1",'Hourly Usage'!$B$4:$B$63,$N40,'Hourly Usage'!$C$4:$C$63,$O40)+$B$6*SUMIFS('Hourly Usage'!D$4:D$63,'Hourly Usage'!$A$4:$A$63,"Year 2",'Hourly Usage'!$B$4:$B$63,$N40,'Hourly Usage'!$C$4:$C$63,$O40) -> 0 | S40: =SUMIFS('Hourly Usage'!D$4:D$63,'Hourly Usage'!$A$4:$A$63,"Year 2",'Hourly Usage'!$B$4:$B$63,$N40,'Hourly Usage'!$C$4:$C$63,$O40) -> 0 | T40: =ABS(Q40-R40) -> 0 | U40: =ABS(Q40-S40) -> 0 | V40: =IF(R40>=$B$7-0.000001,1,0) -> 0 | W40: =IF(Q40>=$B$7-0.000001,1,0) -> 0 | X40: =IF(V40=W40,1,0) -> 1 | Y40: =IF(IF(S40>=$B$7-0.000001,1,0)=W40,1,0) -> 1
A41: ='Weekly History'!A19 -> Winter | B41: ='Weekly History'!B19 -> Winter Wk 5 | C41: ='Weekly History'!E19 -> 12 | D41: =$B$5*'Weekly History'!C19+$B$6*'Weekly History'!D19 -> 13.6 | E41: ='Weekly History'!D19 -> 14 | F41: =ABS(C41-D41) -> 1.6 | G41: =ABS(C41-E41) -> 2 | H41: ='Weekly History'!H19 -> 19.92 | I41: =$B$5*'Weekly History'!F19+$B$6*'Weekly History'!G19 -> 20.118 | J41: ='Weekly History'!G19 -> 20.75 | K41: =ABS(H41-I41) -> 0.198 | L41: =ABS(H41-J41) -> 0.83 | N41: Fall | O41: Fri | P41: 9-10 AM | Q41: =SUMIFS('Hourly Usage'!E$4:E$63,'Hourly Usage'!$A$4:$A$63,"Year 3",'Hourly Usage'!$B$4:$B$63,$N41,'Hourly Usage'!$C$4:$C$63,$O41) -> 1 | R41: =$B$5*SUMIFS('Hourly Usage'!E$4:E$63,'Hourly Usage'!$A$4:$A$63,"Year 1",'Hourly Usage'!$B$4:$B$63,$N41,'Hourly Usage'!$C$4:$C$63,$O41)+$B$6*SUMIFS('Hourly Usage'!E$4:E$63,'Hourly Usage'!$A$4:$A$63,"Year 2",'Hourly Usage'!$B$4:$B$63,$N41,'Hourly Usage'!$C$4:$C$63,$O41) -> 0.4 | S41: =SUMIFS('Hourly Usage'!E$4:E$63,'Hourly Usage'!$A$4:$A$63,"Year 2",'Hourly Usage'!$B$4:$B$63,$N41,'Hourly Usage'!$C$4:$C$63,$O41) -> 0 | T41: =ABS(Q41-R41) -> 0.6 | U41: =ABS(Q41-S41) -> 1 | V41: =IF(R41>=$B$7-0.000001,1,0) -> 0 | W41: =IF(Q41>=$B$7-0.000001,1,0) -> 1 | X41: =IF(V41=W41,1,0) -> 0 | Y41: =IF(IF(S41>=$B$7-0.000001,1,0)=W41,1,0) -> 0
A42: ='Weekly History'!A20 -> Winter | B42: ='Weekly History'!B20 -> Winter Wk 6 | C42: ='Weekly History'!E20 -> 12 | D42: =$B$5*'Weekly History'!C20+$B$6*'Weekly History'!D20 -> 15.4 | E42: ='Weekly History'!D20 -> 17 | F42: =ABS(C42-D42) -> 3.4 | G42: =ABS(C42-E42) -> 5 | H42: ='Weekly History'!H20 -> 19.92 | I42: =$B$5*'Weekly History'!F20+$B$6*'Weekly History'!G20 -> 22.785857 | J42: ='Weekly History'!G20 -> 25.196429 | K42: =ABS(H42-I42) -> 2.8658571 | L42: =ABS(H42-J42) -> 5.2764286 | N42: Fall | O42: Fri | P42: 10-11 AM | Q42: =SUMIFS('Hourly Usage'!F$4:F$63,'Hourly Usage'!$A$4:$A$63,"Year 3",'Hourly Usage'!$B$4:$B$63,$N42,'Hourly Usage'!$C$4:$C$63,$O42) -> 1 | R42: =$B$5*SUMIFS('Hourly Usage'!F$4:F$63,'Hourly Usage'!$A$4:$A$63,"Year 1",'Hourly Usage'!$B$4:$B$63,$N42,'Hourly Usage'!$C$4:$C$63,$O42)+$B$6*SUMIFS('Hourly Usage'!F$4:F$63,'Hourly Usage'!$A$4:$A$63,"Year 2",'Hourly Usage'!$B$4:$B$63,$N42,'Hourly Usage'!$C$4:$C$63,$O42) -> 0.4 | S42: =SUMIFS('Hourly Usage'!F$4:F$63,'Hourly Usage'!$A$4:$A$63,"Year 2",'Hourly Usage'!$B$4:$B$63,$N42,'Hourly Usage'!$C$4:$C$63,$O42) -> 0 | T42: =ABS(Q42-R42) -> 0.6 | U42: =ABS(Q42-S42) -> 1 | V42: =IF(R42>=$B$7-0.000001,1,0) -> 0 | W42: =IF(Q42>=$B$7-0.000001,1,0) -> 1 | X42: =IF(V42=W42,1,0) -> 0 | Y42: =IF(IF(S42>=$B$7-0.000001,1,0)=W42,1,0) -> 0
A43: ='Weekly History'!A21 -> Winter | B43: ='Weekly History'!B21 -> Winter Wk 7 | C43: ='Weekly History'!E21 -> 13 | D43: =$B$5*'Weekly History'!C21+$B$6*'Weekly History'!D21 -> 14.8 | E43: ='Weekly History'!D21 -> 16 | F43: =ABS(C43-D43) -> 1.8 | G43: =ABS(C43-E43) -> 3 | H43: ='Weekly History'!H21 -> 21.58 | I43: =$B$5*'Weekly History'!F21+$B$6*'Weekly History'!G21 -> 21.896571 | J43: ='Weekly History'!G21 -> 23.714286 | K43: =ABS(H43-I43) -> 0.31657143 | L43: =ABS(H43-J43) -> 2.1342857 | N43: Fall | O43: Fri | P43: 11 AM-12 PM | Q43: =SUMIFS('Hourly Usage'!G$4:G$63,'Hourly Usage'!$A$4:$A$63,"Year 3",'Hourly Usage'!$B$4:$B$63,$N43,'Hourly Usage'!$C$4:$C$63,$O43) -> 0.5 | R43: =$B$5*SUMIFS('Hourly Usage'!G$4:G$63,'Hourly Usage'!$A$4:$A$63,"Year 1",'Hourly Usage'!$B$4:$B$63,$N43,'Hourly Usage'!$C$4:$C$63,$O43)+$B$6*SUMIFS('Hourly Usage'!G$4:G$63,'Hourly Usage'!$A$4:$A$63,"Year 2",'Hourly Usage'!$B$4:$B$63,$N43,'Hourly Usage'!$C$4:$C$63,$O43) -> 0 | S43: =SUMIFS('Hourly Usage'!G$4:G$63,'Hourly Usage'!$A$4:$A$63,"Year 2",'Hourly Usage'!$B$4:$B$63,$N43,'Hourly Usage'!$C$4:$C$63,$O43) -> 0 | T43: =ABS(Q43-R43) -> 0.5 | U43: =ABS(Q43-S43) -> 0.5 | V43: =IF(R43>=$B$7-0.000001,1,0) -> 0 | W43: =IF(Q43>=$B$7-0.000001,1,0) -> 1 | X43: =IF(V43=W43,1,0) -> 0 | Y43: =IF(IF(S43>=$B$7-0.000001,1,0)=W43,1,0) -> 0
A44: ='Weekly History'!A22 -> Winter | B44: ='Weekly History'!B22 -> Winter Wk 8 | C44: ='Weekly History'!E22 -> 12 | D44: =$B$5*'Weekly History'!C22+$B$6*'Weekly History'!D22 -> 14.6 | E44: ='Weekly History'!D22 -> 15 | F44: =ABS(C44-D44) -> 2.6 | G44: =ABS(C44-E44) -> 3 | H44: ='Weekly History'!H22 -> 19.92 | I44: =$B$5*'Weekly History'!F22+$B$6*'Weekly History'!G22 -> 21.597132 | J44: ='Weekly History'!G22 -> 22.232143 | K44: =ABS(H44-I44) -> 1.6771319 | L44: =ABS(H44-J44) -> 2.3121429 | N44: Fall | O44: Fri | P44: 12-1 PM | Q44: =SUMIFS('Hourly Usage'!H$4:H$63,'Hourly Usage'!$A$4:$A$63,"Year 3",'Hourly Usage'!$B$4:$B$63,$N44,'Hourly Usage'!$C$4:$C$63,$O44) -> 1 | R44: =$B$5*SUMIFS('Hourly Usage'!H$4:H$63,'Hourly Usage'!$A$4:$A$63,"Year 1",'Hourly Usage'!$B$4:$B$63,$N44,'Hourly Usage'!$C$4:$C$63,$O44)+$B$6*SUMIFS('Hourly Usage'!H$4:H$63,'Hourly Usage'!$A$4:$A$63,"Year 2",'Hourly Usage'!$B$4:$B$63,$N44,'Hourly Usage'!$C$4:$C$63,$O44) -> 0.4 | S44: =SUMIFS('Hourly Usage'!H$4:H$63,'Hourly Usage'!$A$4:$A$63,"Year 2",'Hourly Usage'!$B$4:$B$63,$N44,'Hourly Usage'!$C$4:$C$63,$O44) -> 0 | T44: =ABS(Q44-R44) -> 0.6 | U44: =ABS(Q44-S44) -> 1 | V44: =IF(R44>=$B$7-0.000001,1,0) -> 0 | W44: =IF(Q44>=$B$7-0.000001,1,0) -> 1 | X44: =IF(V44=W44,1,0) -> 0 | Y44: =IF(IF(S44>=$B$7-0.000001,1,0)=W44,1,0) -> 0
A45: ='Weekly History'!A23 -> Winter | B45: ='Weekly History'!B23 -> Winter Wk 9 | C45: ='Weekly History'!E23 -> 12 | D45: =$B$5*'Weekly History'!C23+$B$6*'Weekly History'!D23 -> 15.6 | E45: ='Weekly History'!D23 -> 16 | F45: =ABS(C45-D45) -> 3.6 | G45: =ABS(C45-E45) -> 4 | H45: ='Weekly History'!H23 -> 19.92 | I45: =$B$5*'Weekly History'!F23+$B$6*'Weekly History'!G23 -> 23.076264 | J45: ='Weekly History'!G23 -> 23.714286 | K45: =ABS(H45-I45) -> 3.1562637 | L45: =ABS(H45-J45) -> 3.7942857 | N45: Fall | O45: Fri | P45: 1-2 PM | Q45: =SUMIFS('Hourly Usage'!I$4:I$63,'Hourly Usage'!$A$4:$A$63,"Year 3",'Hourly Usage'!$B$4:$B$63,$N45,'Hourly Usage'!$C$4:$C$63,$O45) -> 0 | R45: =$B$5*SUMIFS('Hourly Usage'!I$4:I$63,'Hourly Usage'!$A$4:$A$63,"Year 1",'Hourly Usage'!$B$4:$B$63,$N45,'Hourly Usage'!$C$4:$C$63,$O45)+$B$6*SUMIFS('Hourly Usage'!I$4:I$63,'Hourly Usage'!$A$4:$A$63,"Year 2",'Hourly Usage'!$B$4:$B$63,$N45,'Hourly Usage'!$C$4:$C$63,$O45) -> 0 | S45: =SUMIFS('Hourly Usage'!I$4:I$63,'Hourly Usage'!$A$4:$A$63,"Year 2",'Hourly Usage'!$B$4:$B$63,$N45,'Hourly Usage'!$C$4:$C$63,$O45) -> 0 | T45: =ABS(Q45-R45) -> 0 | U45: =ABS(Q45-S45) -> 0 | V45: =IF(R45>=$B$7-0.000001,1,0) -> 0 | W45: =IF(Q45>=$B$7-0.000001,1,0) -> 0 | X45: =IF(V45=W45,1,0) -> 1 | Y45: =IF(IF(S45>=$B$7-0.000001,1,0)=W45,1,0) -> 1
A46: ='Weekly History'!A24 -> Winter | B46: ='Weekly History'!B24 -> Winter Wk 10 | C46: ='Weekly History'!E24 -> 13 | D46: =$B$5*'Weekly History'!C24+$B$6*'Weekly History'!D24 -> 14.4 | E46: ='Weekly History'!D24 -> 14 | F46: =ABS(C46-D46) -> 1.4 | G46: =ABS(C46-E46) -> 1 | H46: ='Weekly History'!H24 -> 21.58 | I46: =$B$5*'Weekly History'!F24+$B$6*'Weekly History'!G24 -> 21.297692 | J46: ='Weekly History'!G24 -> 20.75 | K46: =ABS(H46-I46) -> 0.28230769 | L46: =ABS(H46-J46) -> 0.83 | N46: Fall | O46: Fri | P46: 2-3 PM | Q46: =SUMIFS('Hourly Usage'!J$4:J$63,'Hourly Usage'!$A$4:$A$63,"Year 3",'Hourly Usage'!$B$4:$B$63,$N46,'Hourly Usage'!$C$4:$C$63,$O46) -> 0 | R46: =$B$5*SUMIFS('Hourly Usage'!J$4:J$63,'Hourly Usage'!$A$4:$A$63,"Year 1",'Hourly Usage'!$B$4:$B$63,$N46,'Hourly Usage'!$C$4:$C$63,$O46)+$B$6*SUMIFS('Hourly Usage'!J$4:J$63,'Hourly Usage'!$A$4:$A$63,"Year 2",'Hourly Usage'!$B$4:$B$63,$N46,'Hourly Usage'!$C$4:$C$63,$O46) -> 0 | S46: =SUMIFS('Hourly Usage'!J$4:J$63,'Hourly Usage'!$A$4:$A$63,"Year 2",'Hourly Usage'!$B$4:$B$63,$N46,'Hourly Usage'!$C$4:$C$63,$O46) -> 0 | T46: =ABS(Q46-R46) -> 0 | U46: =ABS(Q46-S46) -> 0 | V46: =IF(R46>=$B$7-0.000001,1,0) -> 0 | W46: =IF(Q46>=$B$7-0.000001,1,0) -> 0 | X46: =IF(V46=W46,1,0) -> 1 | Y46: =IF(IF(S46>=$B$7-0.000001,1,0)=W46,1,0) -> 1
A47: ='Weekly History'!A25 -> Winter | B47: ='Weekly History'!B25 -> Winter Finals | C47: ='Weekly History'!E25 -> 9 | D47: =$B$5*'Weekly History'!C25+$B$6*'Weekly History'!D25 -> 7.8 | E47: ='Weekly History'!D25 -> 9 | F47: =ABS(C47-D47) -> 1.2 | G47: =ABS(C47-E47) -> 0 | H47: ='Weekly History'!H25 -> 14.94 | I47: =$B$5*'Weekly History'!F25+$B$6*'Weekly History'!G25 -> 11.542648 | J47: ='Weekly History'!G25 -> 13.339286 | K47: =ABS(H47-I47) -> 3.3973516 | L47: =ABS(H47-J47) -> 1.6007143 | N47: Fall | O47: Fri | P47: 3-4 PM | Q47: =SUMIFS('Hourly Usage'!K$4:K$63,'Hourly Usage'!$A$4:$A$63,"Year 3",'Hourly Usage'!$B$4:$B$63,$N47,'Hourly Usage'!$C$4:$C$63,$O47) -> 0.5 | R47: =$B$5*SUMIFS('Hourly Usage'!K$4:K$63,'Hourly Usage'!$A$4:$A$63,"Year 1",'Hourly Usage'!$B$4:$B$63,$N47,'Hourly Usage'!$C$4:$C$63,$O47)+$B$6*SUMIFS('Hourly Usage'!K$4:K$63,'Hourly Usage'!$A$4:$A$63,"Year 2",'Hourly Usage'!$B$4:$B$63,$N47,'Hourly Usage'!$C$4:$C$63,$O47) -> 1 | S47: =SUMIFS('Hourly Usage'!K$4:K$63,'Hourly Usage'!$A$4:$A$63,"Year 2",'Hourly Usage'!$B$4:$B$63,$N47,'Hourly Usage'!$C$4:$C$63,$O47) -> 1 | T47: =ABS(Q47-R47) -> 0.5 | U47: =ABS(Q47-S47) -> 0.5 | V47: =IF(R47>=$B$7-0.000001,1,0) -> 1 | W47: =IF(Q47>=$B$7-0.000001,1,0) -> 1 | X47: =IF(V47=W47,1,0) -> 1 | Y47: =IF(IF(S47>=$B$7-0.000001,1,0)=W47,1,0) -> 1
A48: ='Weekly History'!A26 -> Spring | B48: ='Weekly History'!B26 -> Spring Wk 1 | C48: ='Weekly History'!E26 -> 11 | D48: =$B$5*'Weekly History'!C26+$B$6*'Weekly History'!D26 -> 11.6 | E48: ='Weekly History'!D26 -> 12 | F48: =ABS(C48-D48) -> 0.6 | G48: =ABS(C48-E48) -> 1 | H48: ='Weekly History'!H26 -> 20.166667 | I48: =$B$5*'Weekly History'!F26+$B$6*'Weekly History'!G26 -> 17.47197 | J48: ='Weekly History'!G26 -> 18.272727 | K48: =ABS(H48-I48) -> 2.694697 | L48: =ABS(H48-J48) -> 1.8939394 | N48: Fall | O48: Fri | P48: 4-5 PM | Q48: =SUMIFS('Hourly Usage'!L$4:L$63,'Hourly Usage'!$A$4:$A$63,"Year 3",'Hourly Usage'!$B$4:$B$63,$N48,'Hourly Usage'!$C$4:$C$63,$O48) -> 1 | R48: =$B$5*SUMIFS('Hourly Usage'!L$4:L$63,'Hourly Usage'!$A$4:$A$63,"Year 1",'Hourly Usage'!$B$4:$B$63,$N48,'Hourly Usage'!$C$4:$C$63,$O48)+$B$6*SUMIFS('Hourly Usage'!L$4:L$63,'Hourly Usage'!$A$4:$A$63,"Year 2",'Hourly Usage'!$B$4:$B$63,$N48,'Hourly Usage'!$C$4:$C$63,$O48) -> 1 | S48: =SUMIFS('Hourly Usage'!L$4:L$63,'Hourly Usage'!$A$4:$A$63,"Year 2",'Hourly Usage'!$B$4:$B$63,$N48,'Hourly Usage'!$C$4:$C$63,$O48) -> 1 | T48: =ABS(Q48-R48) -> 0 | U48: =ABS(Q48-S48) -> 0 | V48: =IF(R48>=$B$7-0.000001,1,0) -> 1 | W48: =IF(Q48>=$B$7-0.000001,1,0) -> 1 | X48: =IF(V48=W48,1,0) -> 1 | Y48: =IF(IF(S48>=$B$7-0.000001,1,0)=W48,1,0) -> 1
A49: ='Weekly History'!A27 -> Spring | B49: ='Weekly History'!B27 -> Spring Wk 2 | C49: ='Weekly History'!E27 -> 8 | D49: =$B$5*'Weekly History'!C27+$B$6*'Weekly History'!D27 -> 11.8 | E49: ='Weekly History'!D27 -> 13 | F49: =ABS(C49-D49) -> 3.8 | G49: =ABS(C49-E49) -> 5 | H49: ='Weekly History'!H27 -> 14.666667 | I49: =$B$5*'Weekly History'!F27+$B$6*'Weekly History'!G27 -> 17.793939 | J49: ='Weekly History'!G27 -> 19.795455 | K49: =ABS(H49-I49) -> 3.1272727 | L49: =ABS(H49-J49) -> 5.1287879 | N49: Winter | O49: Mon | P49: 8-9 AM | Q49: =SUMIFS('Hourly Usage'!D$4:D$63,'Hourly Usage'!$A$4:$A$63,"Year 3",'Hourly Usage'!$B$4:$B$63,$N49,'Hourly Usage'!$C$4:$C$63,$O49) -> 0 | R49: =$B$5*SUMIFS('Hourly Usage'!D$4:D$63,'Hourly Usage'!$A$4:$A$63,"Year 1",'Hourly Usage'!$B$4:$B$63,$N49,'Hourly Usage'!$C$4:$C$63,$O49)+$B$6*SUMIFS('Hourly Usage'!D$4:D$63,'Hourly Usage'!$A$4:$A$63,"Year 2",'Hourly Usage'!$B$4:$B$63,$N49,'Hourly Usage'!$C$4:$C$63,$O49) -> 0 | S49: =SUMIFS('Hourly Usage'!D$4:D$63,'Hourly Usage'!$A$4:$A$63,"Year 2",'Hourly Usage'!$B$4:$B$63,$N49,'Hourly Usage'!$C$4:$C$63,$O49) -> 0 | T49: =ABS(Q49-R49) -> 0 | U49: =ABS(Q49-S49) -> 0 | V49: =IF(R49>=$B$7-0.000001,1,0) -> 0 | W49: =IF(Q49>=$B$7-0.000001,1,0) -> 0 | X49: =IF(V49=W49,1,0) -> 1 | Y49: =IF(IF(S49>=$B$7-0.000001,1,0)=W49,1,0) -> 1
A50: ='Weekly History'!A28 -> Spring | B50: ='Weekly History'!B28 -> Spring Wk 3 | C50: ='Weekly History'!E28 -> 12 | D50: =$B$5*'Weekly History'!C28+$B$6*'Weekly History'!D28 -> 11.8 | E50: ='Weekly History'!D28 -> 11 | F50: =ABS(C50-D50) -> 0.2 | G50: =ABS(C50-E50) -> 1 | H50: ='Weekly History'!H28 -> 22 | I50: =$B$5*'Weekly History'!F28+$B$6*'Weekly History'!G28 -> 17.741667 | J50: ='Weekly History'!G28 -> 16.75 | K50: =ABS(H50-I50) -> 4.2583333 | L50: =ABS(H50-J50) -> 5.25 | N50: Winter | O50: Mon | P50: 9-10 AM | Q50: =SUMIFS('Hourly Usage'!E$4:E$63,'Hourly Usage'!$A$4:$A$63,"Year 3",'Hourly Usage'!$B$4:$B$63,$N50,'Hourly Usage'!$C$4:$C$63,$O50) -> 1 | R50: =$B$5*SUMIFS('Hourly Usage'!E$4:E$63,'Hourly Usage'!$A$4:$A$63,"Year 1",'Hourly Usage'!$B$4:$B$63,$N50,'Hourly Usage'!$C$4:$C$63,$O50)+$B$6*SUMIFS('Hourly Usage'!E$4:E$63,'Hourly Usage'!$A$4:$A$63,"Year 2",'Hourly Usage'!$B$4:$B$63,$N50,'Hourly Usage'!$C$4:$C$63,$O50) -> 0 | S50: =SUMIFS('Hourly Usage'!E$4:E$63,'Hourly Usage'!$A$4:$A$63,"Year 2",'Hourly Usage'!$B$4:$B$63,$N50,'Hourly Usage'!$C$4:$C$63,$O50) -> 0 | T50: =ABS(Q50-R50) -> 1 | U50: =ABS(Q50-S50) -> 1 | V50: =IF(R50>=$B$7-0.000001,1,0) -> 0 | W50: =IF(Q50>=$B$7-0.000001,1,0) -> 1 | X50: =IF(V50=W50,1,0) -> 0 | Y50: =IF(IF(S50>=$B$7-0.000001,1,0)=W50,1,0) -> 0
A51: ='Weekly History'!A29 -> Spring | B51: ='Weekly History'!B29 -> Spring Wk 4 | C51: ='Weekly History'!E29 -> 11 | D51: =$B$5*'Weekly History'!C29+$B$6*'Weekly History'!D29 -> 11.8 | E51: ='Weekly History'!D29 -> 13 | F51: =ABS(C51-D51) -> 0.8 | G51: =ABS(C51-E51) -> 2 | H51: ='Weekly History'!H29 -> 20.166667 | I51: =$B$5*'Weekly History'!F29+$B$6*'Weekly History'!G29 -> 17.793939 | J51: ='Weekly History'!G29 -> 19.795455 | K51: =ABS(H51-I51) -> 2.3727273 | L51: =ABS(H51-J51) -> 0.37121212 | N51: Winter | O51: Mon | P51: 10-11 AM | Q51: =SUMIFS('Hourly Usage'!F$4:F$63,'Hourly Usage'!$A$4:$A$63,"Year 3",'Hourly Usage'!$B$4:$B$63,$N51,'Hourly Usage'!$C$4:$C$63,$O51) -> 0.5 | R51: =$B$5*SUMIFS('Hourly Usage'!F$4:F$63,'Hourly Usage'!$A$4:$A$63,"Year 1",'Hourly Usage'!$B$4:$B$63,$N51,'Hourly Usage'!$C$4:$C$63,$O51)+$B$6*SUMIFS('Hourly Usage'!F$4:F$63,'Hourly Usage'!$A$4:$A$63,"Year 2",'Hourly Usage'!$B$4:$B$63,$N51,'Hourly Usage'!$C$4:$C$63,$O51) -> 0 | S51: =SUMIFS('Hourly Usage'!F$4:F$63,'Hourly Usage'!$A$4:$A$63,"Year 2",'Hourly Usage'!$B$4:$B$63,$N51,'Hourly Usage'!$C$4:$C$63,$O51) -> 0 | T51: =ABS(Q51-R51) -> 0.5 | U51: =ABS(Q51-S51) -> 0.5 | V51: =IF(R51>=$B$7-0.000001,1,0) -> 0 | W51: =IF(Q51>=$B$7-0.000001,1,0) -> 1 | X51: =IF(V51=W51,1,0) -> 0 | Y51: =IF(IF(S51>=$B$7-0.000001,1,0)=W51,1,0) -> 0
A52: ='Weekly History'!A30 -> Spring | B52: ='Weekly History'!B30 -> Spring Wk 5 | C52: ='Weekly History'!E30 -> 12 | D52: =$B$5*'Weekly History'!C30+$B$6*'Weekly History'!D30 -> 11.4 | E52: ='Weekly History'!D30 -> 11 | F52: =ABS(C52-D52) -> 0.6 | G52: =ABS(C52-E52) -> 1 | H52: ='Weekly History'!H30 -> 22 | I52: =$B$5*'Weekly History'!F30+$B$6*'Weekly History'!G30 -> 17.15 | J52: ='Weekly History'!G30 -> 16.75 | K52: =ABS(H52-I52) -> 4.85 | L52: =ABS(H52-J52) -> 5.25 | N52: Winter | O52: Mon | P52: 11 AM-12 PM | Q52: =SUMIFS('Hourly Usage'!G$4:G$63,'Hourly Usage'!$A$4:$A$63,"Year 3",'Hourly Usage'!$B$4:$B$63,$N52,'Hourly Usage'!$C$4:$C$63,$O52) -> 0.25 | R52: =$B$5*SUMIFS('Hourly Usage'!G$4:G$63,'Hourly Usage'!$A$4:$A$63,"Year 1",'Hourly Usage'!$B$4:$B$63,$N52,'Hourly Usage'!$C$4:$C$63,$O52)+$B$6*SUMIFS('Hourly Usage'!G$4:G$63,'Hourly Usage'!$A$4:$A$63,"Year 2",'Hourly Usage'!$B$4:$B$63,$N52,'Hourly Usage'!$C$4:$C$63,$O52) -> 0 | S52: =SUMIFS('Hourly Usage'!G$4:G$63,'Hourly Usage'!$A$4:$A$63,"Year 2",'Hourly Usage'!$B$4:$B$63,$N52,'Hourly Usage'!$C$4:$C$63,$O52) -> 0 | T52: =ABS(Q52-R52) -> 0.25 | U52: =ABS(Q52-S52) -> 0.25 | V52: =IF(R52>=$B$7-0.000001,1,0) -> 0 | W52: =IF(Q52>=$B$7-0.000001,1,0) -> 0 | X52: =IF(V52=W52,1,0) -> 1 | Y52: =IF(IF(S52>=$B$7-0.000001,1,0)=W52,1,0) -> 1
A53: ='Weekly History'!A31 -> Spring | B53: ='Weekly History'!B31 -> Spring Wk 6 | C53: ='Weekly History'!E31 -> 11 | D53: =$B$5*'Weekly History'!C31+$B$6*'Weekly History'!D31 -> 12.6 | E53: ='Weekly History'!D31 -> 13 | F53: =ABS(C53-D53) -> 1.6 | G53: =ABS(C53-E53) -> 2 | H53: ='Weekly History'!H31 -> 20.166667 | I53: =$B$5*'Weekly History'!F31+$B$6*'Weekly History'!G31 -> 18.977273 | J53: ='Weekly History'!G31 -> 19.795455 | K53: =ABS(H53-I53) -> 1.1893939 | L53: =ABS(H53-J53) -> 0.37121212 | N53: Winter | O53: Mon | P53: 12-1 PM | Q53: =SUMIFS('Hourly Usage'!H$4:H$63,'Hourly Usage'!$A$4:$A$63,"Year 3",'Hourly Usage'!$B$4:$B$63,$N53,'Hourly Usage'!$C$4:$C$63,$O53) -> 1 | R53: =$B$5*SUMIFS('Hourly Usage'!H$4:H$63,'Hourly Usage'!$A$4:$A$63,"Year 1",'Hourly Usage'!$B$4:$B$63,$N53,'Hourly Usage'!$C$4:$C$63,$O53)+$B$6*SUMIFS('Hourly Usage'!H$4:H$63,'Hourly Usage'!$A$4:$A$63,"Year 2",'Hourly Usage'!$B$4:$B$63,$N53,'Hourly Usage'!$C$4:$C$63,$O53) -> 0.6 | S53: =SUMIFS('Hourly Usage'!H$4:H$63,'Hourly Usage'!$A$4:$A$63,"Year 2",'Hourly Usage'!$B$4:$B$63,$N53,'Hourly Usage'!$C$4:$C$63,$O53) -> 1 | T53: =ABS(Q53-R53) -> 0.4 | U53: =ABS(Q53-S53) -> 0 | V53: =IF(R53>=$B$7-0.000001,1,0) -> 1 | W53: =IF(Q53>=$B$7-0.000001,1,0) -> 1 | X53: =IF(V53=W53,1,0) -> 1 | Y53: =IF(IF(S53>=$B$7-0.000001,1,0)=W53,1,0) -> 1
A54: ='Weekly History'!A32 -> Spring | B54: ='Weekly History'!B32 -> Spring Wk 7 | C54: ='Weekly History'!E32 -> 16 | D54: =$B$5*'Weekly History'!C32+$B$6*'Weekly History'!D32 -> 11.2 | E54: ='Weekly History'!D32 -> 12 | F54: =ABS(C54-D54) -> 4.8 | G54: =ABS(C54-E54) -> 4 | H54: ='Weekly History'!H32 -> 29.333333 | I54: =$B$5*'Weekly History'!F32+$B$6*'Weekly History'!G32 -> 16.880303 | J54: ='Weekly History'!G32 -> 18.272727 | K54: =ABS(H54-I54) -> 12.45303 | L54: =ABS(H54-J54) -> 11.060606 | N54: Winter | O54: Mon | P54: 1-2 PM | Q54: =SUMIFS('Hourly Usage'!I$4:I$63,'Hourly Usage'!$A$4:$A$63,"Year 3",'Hourly Usage'!$B$4:$B$63,$N54,'Hourly Usage'!$C$4:$C$63,$O54) -> 0.5 | R54: =$B$5*SUMIFS('Hourly Usage'!I$4:I$63,'Hourly Usage'!$A$4:$A$63,"Year 1",'Hourly Usage'!$B$4:$B$63,$N54,'Hourly Usage'!$C$4:$C$63,$O54)+$B$6*SUMIFS('Hourly Usage'!I$4:I$63,'Hourly Usage'!$A$4:$A$63,"Year 2",'Hourly Usage'!$B$4:$B$63,$N54,'Hourly Usage'!$C$4:$C$63,$O54) -> 0.5 | S54: =SUMIFS('Hourly Usage'!I$4:I$63,'Hourly Usage'!$A$4:$A$63,"Year 2",'Hourly Usage'!$B$4:$B$63,$N54,'Hourly Usage'!$C$4:$C$63,$O54) -> 0.5 | T54: =ABS(Q54-R54) -> 2.6645353e-15 | U54: =ABS(Q54-S54) -> 2.6645353e-15 | V54: =IF(R54>=$B$7-0.000001,1,0) -> 1 | W54: =IF(Q54>=$B$7-0.000001,1,0) -> 1 | X54: =IF(V54=W54,1,0) -> 1 | Y54: =IF(IF(S54>=$B$7-0.000001,1,0)=W54,1,0) -> 1
A55: ='Weekly History'!A33 -> Spring | B55: ='Weekly History'!B33 -> Spring Wk 8 | C55: ='Weekly History'!E33 -> 11 | D55: =$B$5*'Weekly History'!C33+$B$6*'Weekly History'!D33 -> 13.2 | E55: ='Weekly History'!D33 -> 12 | F55: =ABS(C55-D55) -> 2.2 | G55: =ABS(C55-E55) -> 1 | H55: ='Weekly History'!H33 -> 20.166667 | I55: =$B$5*'Weekly History'!F33+$B$6*'Weekly History'!G33 -> 19.838636 | J55: ='Weekly History'!G33 -> 18.272727 | K55: =ABS(H55-I55) -> 0.3280303 | L55: =ABS(H55-J55) -> 1.8939394 | N55: Winter | O55: Mon | P55: 2-3 PM | Q55: =SUMIFS('Hourly Usage'!J$4:J$63,'Hourly Usage'!$A$4:$A$63,"Year 3",'Hourly Usage'!$B$4:$B$63,$N55,'Hourly Usage'!$C$4:$C$63,$O55) -> 0 | R55: =$B$5*SUMIFS('Hourly Usage'!J$4:J$63,'Hourly Usage'!$A$4:$A$63,"Year 1",'Hourly Usage'!$B$4:$B$63,$N55,'Hourly Usage'!$C$4:$C$63,$O55)+$B$6*SUMIFS('Hourly Usage'!J$4:J$63,'Hourly Usage'!$A$4:$A$63,"Year 2",'Hourly Usage'!$B$4:$B$63,$N55,'Hourly Usage'!$C$4:$C$63,$O55) -> 0.83333333 | S55: =SUMIFS('Hourly Usage'!J$4:J$63,'Hourly Usage'!$A$4:$A$63,"Year 2",'Hourly Usage'!$B$4:$B$63,$N55,'Hourly Usage'!$C$4:$C$63,$O55) -> 0.83333333 | T55: =ABS(Q55-R55) -> 0.83333333 | U55: =ABS(Q55-S55) -> 0.83333333 | V55: =IF(R55>=$B$7-0.000001,1,0) -> 1 | W55: =IF(Q55>=$B$7-0.000001,1,0) -> 0 | X55: =IF(V55=W55,1,0) -> 0 | Y55: =IF(IF(S55>=$B$7-0.000001,1,0)=W55,1,0) -> 0
A56: ='Weekly History'!A34 -> Spring | B56: ='Weekly History'!B34 -> Spring Wk 9 | C56: ='Weekly History'!E34 -> 12 | D56: =$B$5*'Weekly History'!C34+$B$6*'Weekly History'!D34 -> 10.8 | E56: ='Weekly History'!D34 -> 8 | F56: =ABS(C56-D56) -> 1.2 | G56: =ABS(C56-E56) -> 4 | H56: ='Weekly History'!H34 -> 22 | I56: =$B$5*'Weekly History'!F34+$B$6*'Weekly History'!G34 -> 16.184091 | J56: ='Weekly History'!G34 -> 12.181818 | K56: =ABS(H56-I56) -> 5.8159091 | L56: =ABS(H56-J56) -> 9.8181818 | N56: Winter | O56: Mon | P56: 3-4 PM | Q56: =SUMIFS('Hourly Usage'!K$4:K$63,'Hourly Usage'!$A$4:$A$63,"Year 3",'Hourly Usage'!$B$4:$B$63,$N56,'Hourly Usage'!$C$4:$C$63,$O56) -> 0.5 | R56: =$B$5*SUMIFS('Hourly Usage'!K$4:K$63,'Hourly Usage'!$A$4:$A$63,"Year 1",'Hourly Usage'!$B$4:$B$63,$N56,'Hourly Usage'!$C$4:$C$63,$O56)+$B$6*SUMIFS('Hourly Usage'!K$4:K$63,'Hourly Usage'!$A$4:$A$63,"Year 2",'Hourly Usage'!$B$4:$B$63,$N56,'Hourly Usage'!$C$4:$C$63,$O56) -> 0.5 | S56: =SUMIFS('Hourly Usage'!K$4:K$63,'Hourly Usage'!$A$4:$A$63,"Year 2",'Hourly Usage'!$B$4:$B$63,$N56,'Hourly Usage'!$C$4:$C$63,$O56) -> 0.5 | T56: =ABS(Q56-R56) -> 0 | U56: =ABS(Q56-S56) -> 0 | V56: =IF(R56>=$B$7-0.000001,1,0) -> 1 | W56: =IF(Q56>=$B$7-0.000001,1,0) -> 1 | X56: =IF(V56=W56,1,0) -> 1 | Y56: =IF(IF(S56>=$B$7-0.000001,1,0)=W56,1,0) -> 1
A57: ='Weekly History'!A35 -> Spring | B57: ='Weekly History'!B35 -> Spring Wk 10 | C57: ='Weekly History'!E35 -> 10 | D57: =$B$5*'Weekly History'!C35+$B$6*'Weekly History'!D35 -> 15.2 | E57: ='Weekly History'!D35 -> 16 | F57: =ABS(C57-D57) -> 5.2 | G57: =ABS(C57-E57) -> 6 | H57: ='Weekly History'!H35 -> 18.333333 | I57: =$B$5*'Weekly History'!F35+$B$6*'Weekly History'!G35 -> 22.901515 | J57: ='Weekly History'!G35 -> 24.363636 | K57: =ABS(H57-I57) -> 4.5681818 | L57: =ABS(H57-J57) -> 6.030303 | N57: Winter | O57: Mon | P57: 4-5 PM | Q57: =SUMIFS('Hourly Usage'!L$4:L$63,'Hourly Usage'!$A$4:$A$63,"Year 3",'Hourly Usage'!$B$4:$B$63,$N57,'Hourly Usage'!$C$4:$C$63,$O57) -> 1 | R57: =$B$5*SUMIFS('Hourly Usage'!L$4:L$63,'Hourly Usage'!$A$4:$A$63,"Year 1",'Hourly Usage'!$B$4:$B$63,$N57,'Hourly Usage'!$C$4:$C$63,$O57)+$B$6*SUMIFS('Hourly Usage'!L$4:L$63,'Hourly Usage'!$A$4:$A$63,"Year 2",'Hourly Usage'!$B$4:$B$63,$N57,'Hourly Usage'!$C$4:$C$63,$O57) -> 1 | S57: =SUMIFS('Hourly Usage'!L$4:L$63,'Hourly Usage'!$A$4:$A$63,"Year 2",'Hourly Usage'!$B$4:$B$63,$N57,'Hourly Usage'!$C$4:$C$63,$O57) -> 1 | T57: =ABS(Q57-R57) -> 0 | U57: =ABS(Q57-S57) -> 0 | V57: =IF(R57>=$B$7-0.000001,1,0) -> 1 | W57: =IF(Q57>=$B$7-0.000001,1,0) -> 1 | X57: =IF(V57=W57,1,0) -> 1 | Y57: =IF(IF(S57>=$B$7-0.000001,1,0)=W57,1,0) -> 1
A58: ='Weekly History'!A36 -> Spring | B58: ='Weekly History'!B36 -> Spring Finals | C58: ='Weekly History'!E36 -> 7 | D58: =$B$5*'Weekly History'!C36+$B$6*'Weekly History'!D36 -> 7 | E58: ='Weekly History'!D36 -> 7 | F58: =ABS(C58-D58) -> 0 | G58: =ABS(C58-E58) -> 0 | H58: ='Weekly History'!H36 -> 12.833333 | I58: =$B$5*'Weekly History'!F36+$B$6*'Weekly History'!G36 -> 10.537121 | J58: ='Weekly History'!G36 -> 10.659091 | K58: =ABS(H58-I58) -> 2.2962121 | L58: =ABS(H58-J58) -> 2.1742424 | N58: Winter | O58: Tue | P58: 8-9 AM | Q58: =SUMIFS('Hourly Usage'!D$4:D$63,'Hourly Usage'!$A$4:$A$63,"Year 3",'Hourly Usage'!$B$4:$B$63,$N58,'Hourly Usage'!$C$4:$C$63,$O58) -> 0 | R58: =$B$5*SUMIFS('Hourly Usage'!D$4:D$63,'Hourly Usage'!$A$4:$A$63,"Year 1",'Hourly Usage'!$B$4:$B$63,$N58,'Hourly Usage'!$C$4:$C$63,$O58)+$B$6*SUMIFS('Hourly Usage'!D$4:D$63,'Hourly Usage'!$A$4:$A$63,"Year 2",'Hourly Usage'!$B$4:$B$63,$N58,'Hourly Usage'!$C$4:$C$63,$O58) -> 0 | S58: =SUMIFS('Hourly Usage'!D$4:D$63,'Hourly Usage'!$A$4:$A$63,"Year 2",'Hourly Usage'!$B$4:$B$63,$N58,'Hourly Usage'!$C$4:$C$63,$O58) -> 0 | T58: =ABS(Q58-R58) -> 0 | U58: =ABS(Q58-S58) -> 0 | V58: =IF(R58>=$B$7-0.000001,1,0) -> 0 | W58: =IF(Q58>=$B$7-0.000001,1,0) -> 0 | X58: =IF(V58=W58,1,0) -> 1 | Y58: =IF(IF(S58>=$B$7-0.000001,1,0)=W58,1,0) -> 1
A59: ='Weekly History'!A37 -> Summer | B59: ='Weekly History'!B37 -> Summer Wk 1 | C59: ='Weekly History'!E37 -> 3 | D59: =$B$5*'Weekly History'!C37+$B$6*'Weekly History'!D37 -> 6.8 | E59: ='Weekly History'!D37 -> 8 | F59: =ABS(C59-D59) -> 3.8 | G59: =ABS(C59-E59) -> 5 | H59: ='Weekly History'!H37 -> 5.4 | I59: =$B$5*'Weekly History'!F37+$B$6*'Weekly History'!G37 -> 12.24 | J59: ='Weekly History'!G37 -> 14.4 | K59: =ABS(H59-I59) -> 6.84 | L59: =ABS(H59-J59) -> 9 | N59: Winter | O59: Tue | P59: 9-10 AM | Q59: =SUMIFS('Hourly Usage'!E$4:E$63,'Hourly Usage'!$A$4:$A$63,"Year 3",'Hourly Usage'!$B$4:$B$63,$N59,'Hourly Usage'!$C$4:$C$63,$O59) -> 0 | R59: =$B$5*SUMIFS('Hourly Usage'!E$4:E$63,'Hourly Usage'!$A$4:$A$63,"Year 1",'Hourly Usage'!$B$4:$B$63,$N59,'Hourly Usage'!$C$4:$C$63,$O59)+$B$6*SUMIFS('Hourly Usage'!E$4:E$63,'Hourly Usage'!$A$4:$A$63,"Year 2",'Hourly Usage'!$B$4:$B$63,$N59,'Hourly Usage'!$C$4:$C$63,$O59) -> 0 | S59: =SUMIFS('Hourly Usage'!E$4:E$63,'Hourly Usage'!$A$4:$A$63,"Year 2",'Hourly Usage'!$B$4:$B$63,$N59,'Hourly Usage'!$C$4:$C$63,$O59) -> 0 | T59: =ABS(Q59-R59) -> 0 | U59: =ABS(Q59-S59) -> 0 | V59: =IF(R59>=$B$7-0.000001,1,0) -> 0 | W59: =IF(Q59>=$B$7-0.000001,1,0) -> 0 | X59: =IF(V59=W59,1,0) -> 1 | Y59: =IF(IF(S59>=$B$7-0.000001,1,0)=W59,1,0) -> 1
A60: ='Weekly History'!A38 -> Summer | B60: ='Weekly History'!B38 -> Summer Wk 2 | C60: ='Weekly History'!E38 -> 5 | D60: =$B$5*'Weekly History'!C38+$B$6*'Weekly History'!D38 -> 7.4 | E60: ='Weekly History'!D38 -> 9 | F60: =ABS(C60-D60) -> 2.4 | G60: =ABS(C60-E60) -> 4 | H60: ='Weekly History'!H38 -> 9 | I60: =$B$5*'Weekly History'!F38+$B$6*'Weekly History'!G38 -> 13.32 | J60: ='Weekly History'!G38 -> 16.2 | K60: =ABS(H60-I60) -> 4.32 | L60: =ABS(H60-J60) -> 7.2 | N60: Winter | O60: Tue | P60: 10-11 AM | Q60: =SUMIFS('Hourly Usage'!F$4:F$63,'Hourly Usage'!$A$4:$A$63,"Year 3",'Hourly Usage'!$B$4:$B$63,$N60,'Hourly Usage'!$C$4:$C$63,$O60) -> 0 | R60: =$B$5*SUMIFS('Hourly Usage'!F$4:F$63,'Hourly Usage'!$A$4:$A$63,"Year 1",'Hourly Usage'!$B$4:$B$63,$N60,'Hourly Usage'!$C$4:$C$63,$O60)+$B$6*SUMIFS('Hourly Usage'!F$4:F$63,'Hourly Usage'!$A$4:$A$63,"Year 2",'Hourly Usage'!$B$4:$B$63,$N60,'Hourly Usage'!$C$4:$C$63,$O60) -> 0 | S60: =SUMIFS('Hourly Usage'!F$4:F$63,'Hourly Usage'!$A$4:$A$63,"Year 2",'Hourly Usage'!$B$4:$B$63,$N60,'Hourly Usage'!$C$4:$C$63,$O60) -> 0 | T60: =ABS(Q60-R60) -> 0 | U60: =ABS(Q60-S60) -> 0 | V60: =IF(R60>=$B$7-0.000001,1,0) -> 0 | W60: =IF(Q60>=$B$7-0.000001,1,0) -> 0 | X60: =IF(V60=W60,1,0) -> 1 | Y60: =IF(IF(S60>=$B$7-0.000001,1,0)=W60,1,0) -> 1
A61: ='Weekly History'!A39 -> Summer | B61: ='Weekly History'!B39 -> Summer Wk 3 | C61: ='Weekly History'!E39 -> 4 | D61: =$B$5*'Weekly History'!C39+$B$6*'Weekly History'!D39 -> 7.8 | E61: ='Weekly History'!D39 -> 9 | F61: =ABS(C61-D61) -> 3.8 | G61: =ABS(C61-E61) -> 5 | H61: ='Weekly History'!H39 -> 7.2 | I61: =$B$5*'Weekly History'!F39+$B$6*'Weekly History'!G39 -> 14.04 | J61: ='Weekly History'!G39 -> 16.2 | K61: =ABS(H61-I61) -> 6.84 | L61: =ABS(H61-J61) -> 9 | N61: Winter | O61: Tue | P61: 11 AM-12 PM | Q61: =SUMIFS('Hourly Usage'!G$4:G$63,'Hourly Usage'!$A$4:$A$63,"Year 3",'Hourly Usage'!$B$4:$B$63,$N61,'Hourly Usage'!$C$4:$C$63,$O61) -> 0.5 | R61: =$B$5*SUMIFS('Hourly Usage'!G$4:G$63,'Hourly Usage'!$A$4:$A$63,"Year 1",'Hourly Usage'!$B$4:$B$63,$N61,'Hourly Usage'!$C$4:$C$63,$O61)+$B$6*SUMIFS('Hourly Usage'!G$4:G$63,'Hourly Usage'!$A$4:$A$63,"Year 2",'Hourly Usage'!$B$4:$B$63,$N61,'Hourly Usage'!$C$4:$C$63,$O61) -> 0.6 | S61: =SUMIFS('Hourly Usage'!G$4:G$63,'Hourly Usage'!$A$4:$A$63,"Year 2",'Hourly Usage'!$B$4:$B$63,$N61,'Hourly Usage'!$C$4:$C$63,$O61) -> 1 | T61: =ABS(Q61-R61) -> 0.1 | U61: =ABS(Q61-S61) -> 0.5 | V61: =IF(R61>=$B$7-0.000001,1,0) -> 1 | W61: =IF(Q61>=$B$7-0.000001,1,0) -> 1 | X61: =IF(V61=W61,1,0) -> 1 | Y61: =IF(IF(S61>=$B$7-0.000001,1,0)=W61,1,0) -> 1
A62: ='Weekly History'!A40 -> Summer | B62: ='Weekly History'!B40 -> Summer Wk 4 | C62: ='Weekly History'!E40 -> 5 | D62: =$B$5*'Weekly History'!C40+$B$6*'Weekly History'!D40 -> 8 | E62: ='Weekly History'!D40 -> 10 | F62: =ABS(C62-D62) -> 3 | G62: =ABS(C62-E62) -> 5 | H62: ='Weekly History'!H40 -> 9 | I62: =$B$5*'Weekly History'!F40+$B$6*'Weekly History'!G40 -> 14.4 | J62: ='Weekly History'!G40 -> 18 | K62: =ABS(H62-I62) -> 5.4 | L62: =ABS(H62-J62) -> 9 | N62: Winter | O62: Tue | P62: 12-1 PM | Q62: =SUMIFS('Hourly Usage'!H$4:H$63,'Hourly Usage'!$A$4:$A$63,"Year 3",'Hourly Usage'!$B$4:$B$63,$N62,'Hourly Usage'!$C$4:$C$63,$O62) -> 1 | R62: =$B$5*SUMIFS('Hourly Usage'!H$4:H$63,'Hourly Usage'!$A$4:$A$63,"Year 1",'Hourly Usage'!$B$4:$B$63,$N62,'Hourly Usage'!$C$4:$C$63,$O62)+$B$6*SUMIFS('Hourly Usage'!H$4:H$63,'Hourly Usage'!$A$4:$A$63,"Year 2",'Hourly Usage'!$B$4:$B$63,$N62,'Hourly Usage'!$C$4:$C$63,$O62) -> 1 | S62: =SUMIFS('Hourly Usage'!H$4:H$63,'Hourly Usage'!$A$4:$A$63,"Year 2",'Hourly Usage'!$B$4:$B$63,$N62,'Hourly Usage'!$C$4:$C$63,$O62) -> 1 | T62: =ABS(Q62-R62) -> 0 | U62: =ABS(Q62-S62) -> 0 | V62: =IF(R62>=$B$7-0.000001,1,0) -> 1 | W62: =IF(Q62>=$B$7-0.000001,1,0) -> 1 | X62: =IF(V62=W62,1,0) -> 1 | Y62: =IF(IF(S62>=$B$7-0.000001,1,0)=W62,1,0) -> 1
A63: ='Weekly History'!A41 -> Summer | B63: ='Weekly History'!B41 -> Summer Wk 5 | C63: ='Weekly History'!E41 -> 4 | D63: =$B$5*'Weekly History'!C41+$B$6*'Weekly History'!D41 -> 9 | E63: ='Weekly History'!D41 -> 11 | F63: =ABS(C63-D63) -> 5 | G63: =ABS(C63-E63) -> 7 | H63: ='Weekly History'!H41 -> 7.2 | I63: =$B$5*'Weekly History'!F41+$B$6*'Weekly History'!G41 -> 16.2 | J63: ='Weekly History'!G41 -> 19.8 | K63: =ABS(H63-I63) -> 9 | L63: =ABS(H63-J63) -> 12.6 | N63: Winter | O63: Tue | P63: 1-2 PM | Q63: =SUMIFS('Hourly Usage'!I$4:I$63,'Hourly Usage'!$A$4:$A$63,"Year 3",'Hourly Usage'!$B$4:$B$63,$N63,'Hourly Usage'!$C$4:$C$63,$O63) -> 1 | R63: =$B$5*SUMIFS('Hourly Usage'!I$4:I$63,'Hourly Usage'!$A$4:$A$63,"Year 1",'Hourly Usage'!$B$4:$B$63,$N63,'Hourly Usage'!$C$4:$C$63,$O63)+$B$6*SUMIFS('Hourly Usage'!I$4:I$63,'Hourly Usage'!$A$4:$A$63,"Year 2",'Hourly Usage'!$B$4:$B$63,$N63,'Hourly Usage'!$C$4:$C$63,$O63) -> 1 | S63: =SUMIFS('Hourly Usage'!I$4:I$63,'Hourly Usage'!$A$4:$A$63,"Year 2",'Hourly Usage'!$B$4:$B$63,$N63,'Hourly Usage'!$C$4:$C$63,$O63) -> 1 | T63: =ABS(Q63-R63) -> 0 | U63: =ABS(Q63-S63) -> 0 | V63: =IF(R63>=$B$7-0.000001,1,0) -> 1 | W63: =IF(Q63>=$B$7-0.000001,1,0) -> 1 | X63: =IF(V63=W63,1,0) -> 1 | Y63: =IF(IF(S63>=$B$7-0.000001,1,0)=W63,1,0) -> 1
A64: ='Weekly History'!A42 -> Summer | B64: ='Weekly History'!B42 -> Summer Wk 6 | C64: ='Weekly History'!E42 -> 4 | D64: =$B$5*'Weekly History'!C42+$B$6*'Weekly History'!D42 -> 8 | E64: ='Weekly History'!D42 -> 10 | F64: =ABS(C64-D64) -> 4 | G64: =ABS(C64-E64) -> 6 | H64: ='Weekly History'!H42 -> 7.2 | I64: =$B$5*'Weekly History'!F42+$B$6*'Weekly History'!G42 -> 14.4 | J64: ='Weekly History'!G42 -> 18 | K64: =ABS(H64-I64) -> 7.2 | L64: =ABS(H64-J64) -> 10.8 | N64: Winter | O64: Tue | P64: 2-3 PM | Q64: =SUMIFS('Hourly Usage'!J$4:J$63,'Hourly Usage'!$A$4:$A$63,"Year 3",'Hourly Usage'!$B$4:$B$63,$N64,'Hourly Usage'!$C$4:$C$63,$O64) -> 1 | R64: =$B$5*SUMIFS('Hourly Usage'!J$4:J$63,'Hourly Usage'!$A$4:$A$63,"Year 1",'Hourly Usage'!$B$4:$B$63,$N64,'Hourly Usage'!$C$4:$C$63,$O64)+$B$6*SUMIFS('Hourly Usage'!J$4:J$63,'Hourly Usage'!$A$4:$A$63,"Year 2",'Hourly Usage'!$B$4:$B$63,$N64,'Hourly Usage'!$C$4:$C$63,$O64) -> 0.6 | S64: =SUMIFS('Hourly Usage'!J$4:J$63,'Hourly Usage'!$A$4:$A$63,"Year 2",'Hourly Usage'!$B$4:$B$63,$N64,'Hourly Usage'!$C$4:$C$63,$O64) -> 1 | T64: =ABS(Q64-R64) -> 0.4 | U64: =ABS(Q64-S64) -> 0 | V64: =IF(R64>=$B$7-0.000001,1,0) -> 1 | W64: =IF(Q64>=$B$7-0.000001,1,0) -> 1 | X64: =IF(V64=W64,1,0) -> 1 | Y64: =IF(IF(S64>=$B$7-0.000001,1,0)=W64,1,0) -> 1
A65: ='Weekly History'!A43 -> Summer | B65: ='Weekly History'!B43 -> Summer Wk 7 | C65: ='Weekly History'!E43 -> 5 | D65: =$B$5*'Weekly History'!C43+$B$6*'Weekly History'!D43 -> 9 | E65: ='Weekly History'!D43 -> 11 | F65: =ABS(C65-D65) -> 4 | G65: =ABS(C65-E65) -> 6 | H65: ='Weekly History'!H43 -> 9 | I65: =$B$5*'Weekly History'!F43+$B$6*'Weekly History'!G43 -> 16.2 | J65: ='Weekly History'!G43 -> 19.8 | K65: =ABS(H65-I65) -> 7.2 | L65: =ABS(H65-J65) -> 10.8 | N65: Winter | O65: Tue | P65: 3-4 PM | Q65: =SUMIFS('Hourly Usage'!K$4:K$63,'Hourly Usage'!$A$4:$A$63,"Year 3",'Hourly Usage'!$B$4:$B$63,$N65,'Hourly Usage'!$C$4:$C$63,$O65) -> 0.5 | R65: =$B$5*SUMIFS('Hourly Usage'!K$4:K$63,'Hourly Usage'!$A$4:$A$63,"Year 1",'Hourly Usage'!$B$4:$B$63,$N65,'Hourly Usage'!$C$4:$C$63,$O65)+$B$6*SUMIFS('Hourly Usage'!K$4:K$63,'Hourly Usage'!$A$4:$A$63,"Year 2",'Hourly Usage'!$B$4:$B$63,$N65,'Hourly Usage'!$C$4:$C$63,$O65) -> 1 | S65: =SUMIFS('Hourly Usage'!K$4:K$63,'Hourly Usage'!$A$4:$A$63,"Year 2",'Hourly Usage'!$B$4:$B$63,$N65,'Hourly Usage'!$C$4:$C$63,$O65) -> 1 | T65: =ABS(Q65-R65) -> 0.5 | U65: =ABS(Q65-S65) -> 0.5 | V65: =IF(R65>=$B$7-0.000001,1,0) -> 1 | W65: =IF(Q65>=$B$7-0.000001,1,0) -> 1 | X65: =IF(V65=W65,1,0) -> 1 | Y65: =IF(IF(S65>=$B$7-0.000001,1,0)=W65,1,0) -> 1
A66: ='Weekly History'!A44 -> Summer | B66: ='Weekly History'!B44 -> Summer Wk 8 | C66: ='Weekly History'!E44 -> 5 | D66: =$B$5*'Weekly History'!C44+$B$6*'Weekly History'!D44 -> 9.8 | E66: ='Weekly History'!D44 -> 11 | F66: =ABS(C66-D66) -> 4.8 | G66: =ABS(C66-E66) -> 6 | H66: ='Weekly History'!H44 -> 9 | I66: =$B$5*'Weekly History'!F44+$B$6*'Weekly History'!G44 -> 17.64 | J66: ='Weekly History'!G44 -> 19.8 | K66: =ABS(H66-I66) -> 8.64 | L66: =ABS(H66-J66) -> 10.8 | N66: Winter | O66: Tue | P66: 4-5 PM | Q66: =SUMIFS('Hourly Usage'!L$4:L$63,'Hourly Usage'!$A$4:$A$63,"Year 3",'Hourly Usage'!$B$4:$B$63,$N66,'Hourly Usage'!$C$4:$C$63,$O66) -> 0 | R66: =$B$5*SUMIFS('Hourly Usage'!L$4:L$63,'Hourly Usage'!$A$4:$A$63,"Year 1",'Hourly Usage'!$B$4:$B$63,$N66,'Hourly Usage'!$C$4:$C$63,$O66)+$B$6*SUMIFS('Hourly Usage'!L$4:L$63,'Hourly Usage'!$A$4:$A$63,"Year 2",'Hourly Usage'!$B$4:$B$63,$N66,'Hourly Usage'!$C$4:$C$63,$O66) -> 0.8 | S66: =SUMIFS('Hourly Usage'!L$4:L$63,'Hourly Usage'!$A$4:$A$63,"Year 2",'Hourly Usage'!$B$4:$B$63,$N66,'Hourly Usage'!$C$4:$C$63,$O66) -> 1 | T66: =ABS(Q66-R66) -> 0.8 | U66: =ABS(Q66-S66) -> 1 | V66: =IF(R66>=$B$7-0.000001,1,0) -> 1 | W66: =IF(Q66>=$B$7-0.000001,1,0) -> 0 | X66: =IF(V66=W66,1,0) -> 0 | Y66: =IF(IF(S66>=$B$7-0.000001,1,0)=W66,1,0) -> 0
N67: Winter | O67: Wed | P67: 8-9 AM | Q67: =SUMIFS('Hourly Usage'!D$4:D$63,'Hourly Usage'!$A$4:$A$63,"Year 3",'Hourly Usage'!$B$4:$B$63,$N67,'Hourly Usage'!$C$4:$C$63,$O67) -> 0 | R67: =$B$5*SUMIFS('Hourly Usage'!D$4:D$63,'Hourly Usage'!$A$4:$A$63,"Year 1",'Hourly Usage'!$B$4:$B$63,$N67,'Hourly Usage'!$C$4:$C$63,$O67)+$B$6*SUMIFS('Hourly Usage'!D$4:D$63,'Hourly Usage'!$A$4:$A$63,"Year 2",'Hourly Usage'!$B$4:$B$63,$N67,'Hourly Usage'!$C$4:$C$63,$O67) -> 0 | S67: =SUMIFS('Hourly Usage'!D$4:D$63,'Hourly Usage'!$A$4:$A$63,"Year 2",'Hourly Usage'!$B$4:$B$63,$N67,'Hourly Usage'!$C$4:$C$63,$O67) -> 0 | T67: =ABS(Q67-R67) -> 0 | U67: =ABS(Q67-S67) -> 0 | V67: =IF(R67>=$B$7-0.000001,1,0) -> 0 | W67: =IF(Q67>=$B$7-0.000001,1,0) -> 0 | X67: =IF(V67=W67,1,0) -> 1 | Y67: =IF(IF(S67>=$B$7-0.000001,1,0)=W67,1,0) -> 1
N68: Winter | O68: Wed | P68: 9-10 AM | Q68: =SUMIFS('Hourly Usage'!E$4:E$63,'Hourly Usage'!$A$4:$A$63,"Year 3",'Hourly Usage'!$B$4:$B$63,$N68,'Hourly Usage'!$C$4:$C$63,$O68) -> 0 | R68: =$B$5*SUMIFS('Hourly Usage'!E$4:E$63,'Hourly Usage'!$A$4:$A$63,"Year 1",'Hourly Usage'!$B$4:$B$63,$N68,'Hourly Usage'!$C$4:$C$63,$O68)+$B$6*SUMIFS('Hourly Usage'!E$4:E$63,'Hourly Usage'!$A$4:$A$63,"Year 2",'Hourly Usage'!$B$4:$B$63,$N68,'Hourly Usage'!$C$4:$C$63,$O68) -> 0.3 | S68: =SUMIFS('Hourly Usage'!E$4:E$63,'Hourly Usage'!$A$4:$A$63,"Year 2",'Hourly Usage'!$B$4:$B$63,$N68,'Hourly Usage'!$C$4:$C$63,$O68) -> 0.5 | T68: =ABS(Q68-R68) -> 0.3 | U68: =ABS(Q68-S68) -> 0.5 | V68: =IF(R68>=$B$7-0.000001,1,0) -> 0 | W68: =IF(Q68>=$B$7-0.000001,1,0) -> 0 | X68: =IF(V68=W68,1,0) -> 1 | Y68: =IF(IF(S68>=$B$7-0.000001,1,0)=W68,1,0) -> 0
N69: Winter | O69: Wed | P69: 10-11 AM | Q69: =SUMIFS('Hourly Usage'!F$4:F$63,'Hourly Usage'!$A$4:$A$63,"Year 3",'Hourly Usage'!$B$4:$B$63,$N69,'Hourly Usage'!$C$4:$C$63,$O69) -> 0 | R69: =$B$5*SUMIFS('Hourly Usage'!F$4:F$63,'Hourly Usage'!$A$4:$A$63,"Year 1",'Hourly Usage'!$B$4:$B$63,$N69,'Hourly Usage'!$C$4:$C$63,$O69)+$B$6*SUMIFS('Hourly Usage'!F$4:F$63,'Hourly Usage'!$A$4:$A$63,"Year 2",'Hourly Usage'!$B$4:$B$63,$N69,'Hourly Usage'!$C$4:$C$63,$O69) -> 0.6 | S69: =SUMIFS('Hourly Usage'!F$4:F$63,'Hourly Usage'!$A$4:$A$63,"Year 2",'Hourly Usage'!$B$4:$B$63,$N69,'Hourly Usage'!$C$4:$C$63,$O69) -> 0.33333333 | T69: =ABS(Q69-R69) -> 0.6 | U69: =ABS(Q69-S69) -> 0.33333333 | V69: =IF(R69>=$B$7-0.000001,1,0) -> 1 | W69: =IF(Q69>=$B$7-0.000001,1,0) -> 0 | X69: =IF(V69=W69,1,0) -> 0 | Y69: =IF(IF(S69>=$B$7-0.000001,1,0)=W69,1,0) -> 1
N70: Winter | O70: Wed | P70: 11 AM-12 PM | Q70: =SUMIFS('Hourly Usage'!G$4:G$63,'Hourly Usage'!$A$4:$A$63,"Year 3",'Hourly Usage'!$B$4:$B$63,$N70,'Hourly Usage'!$C$4:$C$63,$O70) -> 0 | R70: =$B$5*SUMIFS('Hourly Usage'!G$4:G$63,'Hourly Usage'!$A$4:$A$63,"Year 1",'Hourly Usage'!$B$4:$B$63,$N70,'Hourly Usage'!$C$4:$C$63,$O70)+$B$6*SUMIFS('Hourly Usage'!G$4:G$63,'Hourly Usage'!$A$4:$A$63,"Year 2",'Hourly Usage'!$B$4:$B$63,$N70,'Hourly Usage'!$C$4:$C$63,$O70) -> 0.4 | S70: =SUMIFS('Hourly Usage'!G$4:G$63,'Hourly Usage'!$A$4:$A$63,"Year 2",'Hourly Usage'!$B$4:$B$63,$N70,'Hourly Usage'!$C$4:$C$63,$O70) -> 0 | T70: =ABS(Q70-R70) -> 0.4 | U70: =ABS(Q70-S70) -> 0 | V70: =IF(R70>=$B$7-0.000001,1,0) -> 0 | W70: =IF(Q70>=$B$7-0.000001,1,0) -> 0 | X70: =IF(V70=W70,1,0) -> 1 | Y70: =IF(IF(S70>=$B$7-0.000001,1,0)=W70,1,0) -> 1
N71: Winter | O71: Wed | P71: 12-1 PM | Q71: =SUMIFS('Hourly Usage'!H$4:H$63,'Hourly Usage'!$A$4:$A$63,"Year 3",'Hourly Usage'!$B$4:$B$63,$N71,'Hourly Usage'!$C$4:$C$63,$O71) -> 1 | R71: =$B$5*SUMIFS('Hourly Usage'!H$4:H$63,'Hourly Usage'!$A$4:$A$63,"Year 1",'Hourly Usage'!$B$4:$B$63,$N71,'Hourly Usage'!$C$4:$C$63,$O71)+$B$6*SUMIFS('Hourly Usage'!H$4:H$63,'Hourly Usage'!$A$4:$A$63,"Year 2",'Hourly Usage'!$B$4:$B$63,$N71,'Hourly Usage'!$C$4:$C$63,$O71) -> 0.6 | S71: =SUMIFS('Hourly Usage'!H$4:H$63,'Hourly Usage'!$A$4:$A$63,"Year 2",'Hourly Usage'!$B$4:$B$63,$N71,'Hourly Usage'!$C$4:$C$63,$O71) -> 1 | T71: =ABS(Q71-R71) -> 0.4 | U71: =ABS(Q71-S71) -> 0 | V71: =IF(R71>=$B$7-0.000001,1,0) -> 1 | W71: =IF(Q71>=$B$7-0.000001,1,0) -> 1 | X71: =IF(V71=W71,1,0) -> 1 | Y71: =IF(IF(S71>=$B$7-0.000001,1,0)=W71,1,0) -> 1
N72: Winter | O72: Wed | P72: 1-2 PM | Q72: =SUMIFS('Hourly Usage'!I$4:I$63,'Hourly Usage'!$A$4:$A$63,"Year 3",'Hourly Usage'!$B$4:$B$63,$N72,'Hourly Usage'!$C$4:$C$63,$O72) -> 0.5 | R72: =$B$5*SUMIFS('Hourly Usage'!I$4:I$63,'Hourly Usage'!$A$4:$A$63,"Year 1",'Hourly Usage'!$B$4:$B$63,$N72,'Hourly Usage'!$C$4:$C$63,$O72)+$B$6*SUMIFS('Hourly Usage'!I$4:I$63,'Hourly Usage'!$A$4:$A$63,"Year 2",'Hourly Usage'!$B$4:$B$63,$N72,'Hourly Usage'!$C$4:$C$63,$O72) -> 0.65 | S72: =SUMIFS('Hourly Usage'!I$4:I$63,'Hourly Usage'!$A$4:$A$63,"Year 2",'Hourly Usage'!$B$4:$B$63,$N72,'Hourly Usage'!$C$4:$C$63,$O72) -> 0.75 | T72: =ABS(Q72-R72) -> 0.15 | U72: =ABS(Q72-S72) -> 0.25 | V72: =IF(R72>=$B$7-0.000001,1,0) -> 1 | W72: =IF(Q72>=$B$7-0.000001,1,0) -> 1 | X72: =IF(V72=W72,1,0) -> 1 | Y72: =IF(IF(S72>=$B$7-0.000001,1,0)=W72,1,0) -> 1
N73: Winter | O73: Wed | P73: 2-3 PM | Q73: =SUMIFS('Hourly Usage'!J$4:J$63,'Hourly Usage'!$A$4:$A$63,"Year 3",'Hourly Usage'!$B$4:$B$63,$N73,'Hourly Usage'!$C$4:$C$63,$O73) -> 0 | R73: =$B$5*SUMIFS('Hourly Usage'!J$4:J$63,'Hourly Usage'!$A$4:$A$63,"Year 1",'Hourly Usage'!$B$4:$B$63,$N73,'Hourly Usage'!$C$4:$C$63,$O73)+$B$6*SUMIFS('Hourly Usage'!J$4:J$63,'Hourly Usage'!$A$4:$A$63,"Year 2",'Hourly Usage'!$B$4:$B$63,$N73,'Hourly Usage'!$C$4:$C$63,$O73) -> 0.83333333 | S73: =SUMIFS('Hourly Usage'!J$4:J$63,'Hourly Usage'!$A$4:$A$63,"Year 2",'Hourly Usage'!$B$4:$B$63,$N73,'Hourly Usage'!$C$4:$C$63,$O73) -> 0.83333333 | T73: =ABS(Q73-R73) -> 0.83333333 | U73: =ABS(Q73-S73) -> 0.83333333 | V73: =IF(R73>=$B$7-0.000001,1,0) -> 1 | W73: =IF(Q73>=$B$7-0.000001,1,0) -> 0 | X73: =IF(V73=W73,1,0) -> 0 | Y73: =IF(IF(S73>=$B$7-0.000001,1,0)=W73,1,0) -> 0
N74: Winter | O74: Wed | P74: 3-4 PM | Q74: =SUMIFS('Hourly Usage'!K$4:K$63,'Hourly Usage'!$A$4:$A$63,"Year 3",'Hourly Usage'!$B$4:$B$63,$N74,'Hourly Usage'!$C$4:$C$63,$O74) -> 0.5 | R74: =$B$5*SUMIFS('Hourly Usage'!K$4:K$63,'Hourly Usage'!$A$4:$A$63,"Year 1",'Hourly Usage'!$B$4:$B$63,$N74,'Hourly Usage'!$C$4:$C$63,$O74)+$B$6*SUMIFS('Hourly Usage'!K$4:K$63,'Hourly Usage'!$A$4:$A$63,"Year 2",'Hourly Usage'!$B$4:$B$63,$N74,'Hourly Usage'!$C$4:$C$63,$O74) -> 0 | S74: =SUMIFS('Hourly Usage'!K$4:K$63,'Hourly Usage'!$A$4:$A$63,"Year 2",'Hourly Usage'!$B$4:$B$63,$N74,'Hourly Usage'!$C$4:$C$63,$O74) -> 0 | T74: =ABS(Q74-R74) -> 0.5 | U74: =ABS(Q74-S74) -> 0.5 | V74: =IF(R74>=$B$7-0.000001,1,0) -> 0 | W74: =IF(Q74>=$B$7-0.000001,1,0) -> 1 | X74: =IF(V74=W74,1,0) -> 0 | Y74: =IF(IF(S74>=$B$7-0.000001,1,0)=W74,1,0) -> 0
N75: Winter | O75: Wed | P75: 4-5 PM | Q75: =SUMIFS('Hourly Usage'!L$4:L$63,'Hourly Usage'!$A$4:$A$63,"Year 3",'Hourly Usage'!$B$4:$B$63,$N75,'Hourly Usage'!$C$4:$C$63,$O75) -> 1 | R75: =$B$5*SUMIFS('Hourly Usage'!L$4:L$63,'Hourly Usage'!$A$4:$A$63,"Year 1",'Hourly Usage'!$B$4:$B$63,$N75,'Hourly Usage'!$C$4:$C$63,$O75)+$B$6*SUMIFS('Hourly Usage'!L$4:L$63,'Hourly Usage'!$A$4:$A$63,"Year 2",'Hourly Usage'!$B$4:$B$63,$N75,'Hourly Usage'!$C$4:$C$63,$O75) -> 0 | S75: =SUMIFS('Hourly Usage'!L$4:L$63,'Hourly Usage'!$A$4:$A$63,"Year 2",'Hourly Usage'!$B$4:$B$63,$N75,'Hourly Usage'!$C$4:$C$63,$O75) -> 0 | T75: =ABS(Q75-R75) -> 1 | U75: =ABS(Q75-S75) -> 1 | V75: =IF(R75>=$B$7-0.000001,1,0) -> 0 | W75: =IF(Q75>=$B$7-0.000001,1,0) -> 1 | X75: =IF(V75=W75,1,0) -> 0 | Y75: =IF(IF(S75>=$B$7-0.000001,1,0)=W75,1,0) -> 0
N76: Winter | O76: Thu | P76: 8-9 AM | Q76: =SUMIFS('Hourly Usage'!D$4:D$63,'Hourly Usage'!$A$4:$A$63,"Year 3",'Hourly Usage'!$B$4:$B$63,$N76,'Hourly Usage'!$C$4:$C$63,$O76) -> 0 | R76: =$B$5*SUMIFS('Hourly Usage'!D$4:D$63,'Hourly Usage'!$A$4:$A$63,"Year 1",'Hourly Usage'!$B$4:$B$63,$N76,'Hourly Usage'!$C$4:$C$63,$O76)+$B$6*SUMIFS('Hourly Usage'!D$4:D$63,'Hourly Usage'!$A$4:$A$63,"Year 2",'Hourly Usage'!$B$4:$B$63,$N76,'Hourly Usage'!$C$4:$C$63,$O76) -> 0 | S76: =SUMIFS('Hourly Usage'!D$4:D$63,'Hourly Usage'!$A$4:$A$63,"Year 2",'Hourly Usage'!$B$4:$B$63,$N76,'Hourly Usage'!$C$4:$C$63,$O76) -> 0 | T76: =ABS(Q76-R76) -> 0 | U76: =ABS(Q76-S76) -> 0 | V76: =IF(R76>=$B$7-0.000001,1,0) -> 0 | W76: =IF(Q76>=$B$7-0.000001,1,0) -> 0 | X76: =IF(V76=W76,1,0) -> 1 | Y76: =IF(IF(S76>=$B$7-0.000001,1,0)=W76,1,0) -> 1
N77: Winter | O77: Thu | P77: 9-10 AM | Q77: =SUMIFS('Hourly Usage'!E$4:E$63,'Hourly Usage'!$A$4:$A$63,"Year 3",'Hourly Usage'!$B$4:$B$63,$N77,'Hourly Usage'!$C$4:$C$63,$O77) -> 0 | R77: =$B$5*SUMIFS('Hourly Usage'!E$4:E$63,'Hourly Usage'!$A$4:$A$63,"Year 1",'Hourly Usage'!$B$4:$B$63,$N77,'Hourly Usage'!$C$4:$C$63,$O77)+$B$6*SUMIFS('Hourly Usage'!E$4:E$63,'Hourly Usage'!$A$4:$A$63,"Year 2",'Hourly Usage'!$B$4:$B$63,$N77,'Hourly Usage'!$C$4:$C$63,$O77) -> 0.2 | S77: =SUMIFS('Hourly Usage'!E$4:E$63,'Hourly Usage'!$A$4:$A$63,"Year 2",'Hourly Usage'!$B$4:$B$63,$N77,'Hourly Usage'!$C$4:$C$63,$O77) -> 0 | T77: =ABS(Q77-R77) -> 0.2 | U77: =ABS(Q77-S77) -> 0 | V77: =IF(R77>=$B$7-0.000001,1,0) -> 0 | W77: =IF(Q77>=$B$7-0.000001,1,0) -> 0 | X77: =IF(V77=W77,1,0) -> 1 | Y77: =IF(IF(S77>=$B$7-0.000001,1,0)=W77,1,0) -> 1
N78: Winter | O78: Thu | P78: 10-11 AM | Q78: =SUMIFS('Hourly Usage'!F$4:F$63,'Hourly Usage'!$A$4:$A$63,"Year 3",'Hourly Usage'!$B$4:$B$63,$N78,'Hourly Usage'!$C$4:$C$63,$O78) -> 0 | R78: =$B$5*SUMIFS('Hourly Usage'!F$4:F$63,'Hourly Usage'!$A$4:$A$63,"Year 1",'Hourly Usage'!$B$4:$B$63,$N78,'Hourly Usage'!$C$4:$C$63,$O78)+$B$6*SUMIFS('Hourly Usage'!F$4:F$63,'Hourly Usage'!$A$4:$A$63,"Year 2",'Hourly Usage'!$B$4:$B$63,$N78,'Hourly Usage'!$C$4:$C$63,$O78) -> 0.4 | S78: =SUMIFS('Hourly Usage'!F$4:F$63,'Hourly Usage'!$A$4:$A$63,"Year 2",'Hourly Usage'!$B$4:$B$63,$N78,'Hourly Usage'!$C$4:$C$63,$O78) -> 0 | T78: =ABS(Q78-R78) -> 0.4 | U78: =ABS(Q78-S78) -> 0 | V78: =IF(R78>=$B$7-0.000001,1,0) -> 0 | W78: =IF(Q78>=$B$7-0.000001,1,0) -> 0 | X78: =IF(V78=W78,1,0) -> 1 | Y78: =IF(IF(S78>=$B$7-0.000001,1,0)=W78,1,0) -> 1
N79: Winter | O79: Thu | P79: 11 AM-12 PM | Q79: =SUMIFS('Hourly Usage'!G$4:G$63,'Hourly Usage'!$A$4:$A$63,"Year 3",'Hourly Usage'!$B$4:$B$63,$N79,'Hourly Usage'!$C$4:$C$63,$O79) -> 0 | R79: =$B$5*SUMIFS('Hourly Usage'!G$4:G$63,'Hourly Usage'!$A$4:$A$63,"Year 1",'Hourly Usage'!$B$4:$B$63,$N79,'Hourly Usage'!$C$4:$C$63,$O79)+$B$6*SUMIFS('Hourly Usage'!G$4:G$63,'Hourly Usage'!$A$4:$A$63,"Year 2",'Hourly Usage'!$B$4:$B$63,$N79,'Hourly Usage'!$C$4:$C$63,$O79) -> 0.2 | S79: =SUMIFS('Hourly Usage'!G$4:G$63,'Hourly Usage'!$A$4:$A$63,"Year 2",'Hourly Usage'!$B$4:$B$63,$N79,'Hourly Usage'!$C$4:$C$63,$O79) -> 0 | T79: =ABS(Q79-R79) -> 0.2 | U79: =ABS(Q79-S79) -> 0 | V79: =IF(R79>=$B$7-0.000001,1,0) -> 0 | W79: =IF(Q79>=$B$7-0.000001,1,0) -> 0 | X79: =IF(V79=W79,1,0) -> 1 | Y79: =IF(IF(S79>=$B$7-0.000001,1,0)=W79,1,0) -> 1
N80: Winter | O80: Thu | P80: 12-1 PM | Q80: =SUMIFS('Hourly Usage'!H$4:H$63,'Hourly Usage'!$A$4:$A$63,"Year 3",'Hourly Usage'!$B$4:$B$63,$N80,'Hourly Usage'!$C$4:$C$63,$O80) -> 1 | R80: =$B$5*SUMIFS('Hourly Usage'!H$4:H$63,'Hourly Usage'!$A$4:$A$63,"Year 1",'Hourly Usage'!$B$4:$B$63,$N80,'Hourly Usage'!$C$4:$C$63,$O80)+$B$6*SUMIFS('Hourly Usage'!H$4:H$63,'Hourly Usage'!$A$4:$A$63,"Year 2",'Hourly Usage'!$B$4:$B$63,$N80,'Hourly Usage'!$C$4:$C$63,$O80) -> 1 | S80: =SUMIFS('Hourly Usage'!H$4:H$63,'Hourly Usage'!$A$4:$A$63,"Year 2",'Hourly Usage'!$B$4:$B$63,$N80,'Hourly Usage'!$C$4:$C$63,$O80) -> 1 | T80: =ABS(Q80-R80) -> 3.5527137e-15 | U80: =ABS(Q80-S80) -> 3.5527137e-15 | V80: =IF(R80>=$B$7-0.000001,1,0) -> 1 | W80: =IF(Q80>=$B$7-0.000001,1,0) -> 1 | X80: =IF(V80=W80,1,0) -> 1 | Y80: =IF(IF(S80>=$B$7-0.000001,1,0)=W80,1,0) -> 1
N81: Winter | O81: Thu | P81: 1-2 PM | Q81: =SUMIFS('Hourly Usage'!I$4:I$63,'Hourly Usage'!$A$4:$A$63,"Year 3",'Hourly Usage'!$B$4:$B$63,$N81,'Hourly Usage'!$C$4:$C$63,$O81) -> 0.66666667 | R81: =$B$5*SUMIFS('Hourly Usage'!I$4:I$63,'Hourly Usage'!$A$4:$A$63,"Year 1",'Hourly Usage'!$B$4:$B$63,$N81,'Hourly Usage'!$C$4:$C$63,$O81)+$B$6*SUMIFS('Hourly Usage'!I$4:I$63,'Hourly Usage'!$A$4:$A$63,"Year 2",'Hourly Usage'!$B$4:$B$63,$N81,'Hourly Usage'!$C$4:$C$63,$O81) -> 0.5 | S81: =SUMIFS('Hourly Usage'!I$4:I$63,'Hourly Usage'!$A$4:$A$63,"Year 2",'Hourly Usage'!$B$4:$B$63,$N81,'Hourly Usage'!$C$4:$C$63,$O81) -> 0.5 | T81: =ABS(Q81-R81) -> 0.16666667 | U81: =ABS(Q81-S81) -> 0.16666667 | V81: =IF(R81>=$B$7-0.000001,1,0) -> 1 | W81: =IF(Q81>=$B$7-0.000001,1,0) -> 1 | X81: =IF(V81=W81,1,0) -> 1 | Y81: =IF(IF(S81>=$B$7-0.000001,1,0)=W81,1,0) -> 1
N82: Winter | O82: Thu | P82: 2-3 PM | Q82: =SUMIFS('Hourly Usage'!J$4:J$63,'Hourly Usage'!$A$4:$A$63,"Year 3",'Hourly Usage'!$B$4:$B$63,$N82,'Hourly Usage'!$C$4:$C$63,$O82) -> 0 | R82: =$B$5*SUMIFS('Hourly Usage'!J$4:J$63,'Hourly Usage'!$A$4:$A$63,"Year 1",'Hourly Usage'!$B$4:$B$63,$N82,'Hourly Usage'!$C$4:$C$63,$O82)+$B$6*SUMIFS('Hourly Usage'!J$4:J$63,'Hourly Usage'!$A$4:$A$63,"Year 2",'Hourly Usage'!$B$4:$B$63,$N82,'Hourly Usage'!$C$4:$C$63,$O82) -> 0 | S82: =SUMIFS('Hourly Usage'!J$4:J$63,'Hourly Usage'!$A$4:$A$63,"Year 2",'Hourly Usage'!$B$4:$B$63,$N82,'Hourly Usage'!$C$4:$C$63,$O82) -> 0 | T82: =ABS(Q82-R82) -> 0 | U82: =ABS(Q82-S82) -> 0 | V82: =IF(R82>=$B$7-0.000001,1,0) -> 0 | W82: =IF(Q82>=$B$7-0.000001,1,0) -> 0 | X82: =IF(V82=W82,1,0) -> 1 | Y82: =IF(IF(S82>=$B$7-0.000001,1,0)=W82,1,0) -> 1
N83: Winter | O83: Thu | P83: 3-4 PM | Q83: =SUMIFS('Hourly Usage'!K$4:K$63,'Hourly Usage'!$A$4:$A$63,"Year 3",'Hourly Usage'!$B$4:$B$63,$N83,'Hourly Usage'!$C$4:$C$63,$O83) -> 1 | R83: =$B$5*SUMIFS('Hourly Usage'!K$4:K$63,'Hourly Usage'!$A$4:$A$63,"Year 1",'Hourly Usage'!$B$4:$B$63,$N83,'Hourly Usage'!$C$4:$C$63,$O83)+$B$6*SUMIFS('Hourly Usage'!K$4:K$63,'Hourly Usage'!$A$4:$A$63,"Year 2",'Hourly Usage'!$B$4:$B$63,$N83,'Hourly Usage'!$C$4:$C$63,$O83) -> 1 | S83: =SUMIFS('Hourly Usage'!K$4:K$63,'Hourly Usage'!$A$4:$A$63,"Year 2",'Hourly Usage'!$B$4:$B$63,$N83,'Hourly Usage'!$C$4:$C$63,$O83) -> 1 | T83: =ABS(Q83-R83) -> 0 | U83: =ABS(Q83-S83) -> 0 | V83: =IF(R83>=$B$7-0.000001,1,0) -> 1 | W83: =IF(Q83>=$B$7-0.000001,1,0) -> 1 | X83: =IF(V83=W83,1,0) -> 1 | Y83: =IF(IF(S83>=$B$7-0.000001,1,0)=W83,1,0) -> 1
N84: Winter | O84: Thu | P84: 4-5 PM | Q84: =SUMIFS('Hourly Usage'!L$4:L$63,'Hourly Usage'!$A$4:$A$63,"Year 3",'Hourly Usage'!$B$4:$B$63,$N84,'Hourly Usage'!$C$4:$C$63,$O84) -> 0 | R84: =$B$5*SUMIFS('Hourly Usage'!L$4:L$63,'Hourly Usage'!$A$4:$A$63,"Year 1",'Hourly Usage'!$B$4:$B$63,$N84,'Hourly Usage'!$C$4:$C$63,$O84)+$B$6*SUMIFS('Hourly Usage'!L$4:L$63,'Hourly Usage'!$A$4:$A$63,"Year 2",'Hourly Usage'!$B$4:$B$63,$N84,'Hourly Usage'!$C$4:$C$63,$O84) -> 0.2 | S84: =SUMIFS('Hourly Usage'!L$4:L$63,'Hourly Usage'!$A$4:$A$63,"Year 2",'Hourly Usage'!$B$4:$B$63,$N84,'Hourly Usage'!$C$4:$C$63,$O84) -> 0 | T84: =ABS(Q84-R84) -> 0.2 | U84: =ABS(Q84-S84) -> 0 | V84: =IF(R84>=$B$7-0.000001,1,0) -> 0 | W84: =IF(Q84>=$B$7-0.000001,1,0) -> 0 | X84: =IF(V84=W84,1,0) -> 1 | Y84: =IF(IF(S84>=$B$7-0.000001,1,0)=W84,1,0) -> 1
N85: Winter | O85: Fri | P85: 8-9 AM | Q85: =SUMIFS('Hourly Usage'!D$4:D$63,'Hourly Usage'!$A$4:$A$63,"Year 3",'Hourly Usage'!$B$4:$B$63,$N85,'Hourly Usage'!$C$4:$C$63,$O85) -> 0 | R85: =$B$5*SUMIFS('Hourly Usage'!D$4:D$63,'Hourly Usage'!$A$4:$A$63,"Year 1",'Hourly Usage'!$B$4:$B$63,$N85,'Hourly Usage'!$C$4:$C$63,$O85)+$B$6*SUMIFS('Hourly Usage'!D$4:D$63,'Hourly Usage'!$A$4:$A$63,"Year 2",'Hourly Usage'!$B$4:$B$63,$N85,'Hourly Usage'!$C$4:$C$63,$O85) -> 0 | S85: =SUMIFS('Hourly Usage'!D$4:D$63,'Hourly Usage'!$A$4:$A$63,"Year 2",'Hourly Usage'!$B$4:$B$63,$N85,'Hourly Usage'!$C$4:$C$63,$O85) -> 0 | T85: =ABS(Q85-R85) -> 0 | U85: =ABS(Q85-S85) -> 0 | V85: =IF(R85>=$B$7-0.000001,1,0) -> 0 | W85: =IF(Q85>=$B$7-0.000001,1,0) -> 0 | X85: =IF(V85=W85,1,0) -> 1 | Y85: =IF(IF(S85>=$B$7-0.000001,1,0)=W85,1,0) -> 1
N86: Winter | O86: Fri | P86: 9-10 AM | Q86: =SUMIFS('Hourly Usage'!E$4:E$63,'Hourly Usage'!$A$4:$A$63,"Year 3",'Hourly Usage'!$B$4:$B$63,$N86,'Hourly Usage'!$C$4:$C$63,$O86) -> 1 | R86: =$B$5*SUMIFS('Hourly Usage'!E$4:E$63,'Hourly Usage'!$A$4:$A$63,"Year 1",'Hourly Usage'!$B$4:$B$63,$N86,'Hourly Usage'!$C$4:$C$63,$O86)+$B$6*SUMIFS('Hourly Usage'!E$4:E$63,'Hourly Usage'!$A$4:$A$63,"Year 2",'Hourly Usage'!$B$4:$B$63,$N86,'Hourly Usage'!$C$4:$C$63,$O86) -> 0 | S86: =SUMIFS('Hourly Usage'!E$4:E$63,'Hourly Usage'!$A$4:$A$63,"Year 2",'Hourly Usage'!$B$4:$B$63,$N86,'Hourly Usage'!$C$4:$C$63,$O86) -> 0 | T86: =ABS(Q86-R86) -> 1 | U86: =ABS(Q86-S86) -> 1 | V86: =IF(R86>=$B$7-0.000001,1,0) -> 0 | W86: =IF(Q86>=$B$7-0.000001,1,0) -> 1 | X86: =IF(V86=W86,1,0) -> 0 | Y86: =IF(IF(S86>=$B$7-0.000001,1,0)=W86,1,0) -> 0
N87: Winter | O87: Fri | P87: 10-11 AM | Q87: =SUMIFS('Hourly Usage'!F$4:F$63,'Hourly Usage'!$A$4:$A$63,"Year 3",'Hourly Usage'!$B$4:$B$63,$N87,'Hourly Usage'!$C$4:$C$63,$O87) -> 1 | R87: =$B$5*SUMIFS('Hourly Usage'!F$4:F$63,'Hourly Usage'!$A$4:$A$63,"Year 1",'Hourly Usage'!$B$4:$B$63,$N87,'Hourly Usage'!$C$4:$C$63,$O87)+$B$6*SUMIFS('Hourly Usage'!F$4:F$63,'Hourly Usage'!$A$4:$A$63,"Year 2",'Hourly Usage'!$B$4:$B$63,$N87,'Hourly Usage'!$C$4:$C$63,$O87) -> 0 | S87: =SUMIFS('Hourly Usage'!F$4:F$63,'Hourly Usage'!$A$4:$A$63,"Year 2",'Hourly Usage'!$B$4:$B$63,$N87,'Hourly Usage'!$C$4:$C$63,$O87) -> 0 | T87: =ABS(Q87-R87) -> 1 | U87: =ABS(Q87-S87) -> 1 | V87: =IF(R87>=$B$7-0.000001,1,0) -> 0 | W87: =IF(Q87>=$B$7-0.000001,1,0) -> 1 | X87: =IF(V87=W87,1,0) -> 0 | Y87: =IF(IF(S87>=$B$7-0.000001,1,0)=W87,1,0) -> 0
N88: Winter | O88: Fri | P88: 11 AM-12 PM | Q88: =SUMIFS('Hourly Usage'!G$4:G$63,'Hourly Usage'!$A$4:$A$63,"Year 3",'Hourly Usage'!$B$4:$B$63,$N88,'Hourly Usage'!$C$4:$C$63,$O88) -> 0.5 | R88: =$B$5*SUMIFS('Hourly Usage'!G$4:G$63,'Hourly Usage'!$A$4:$A$63,"Year 1",'Hourly Usage'!$B$4:$B$63,$N88,'Hourly Usage'!$C$4:$C$63,$O88)+$B$6*SUMIFS('Hourly Usage'!G$4:G$63,'Hourly Usage'!$A$4:$A$63,"Year 2",'Hourly Usage'!$B$4:$B$63,$N88,'Hourly Usage'!$C$4:$C$63,$O88) -> 0.2 | S88: =SUMIFS('Hourly Usage'!G$4:G$63,'Hourly Usage'!$A$4:$A$63,"Year 2",'Hourly Usage'!$B$4:$B$63,$N88,'Hourly Usage'!$C$4:$C$63,$O88) -> 0 | T88: =ABS(Q88-R88) -> 0.3 | U88: =ABS(Q88-S88) -> 0.5 | V88: =IF(R88>=$B$7-0.000001,1,0) -> 0 | W88: =IF(Q88>=$B$7-0.000001,1,0) -> 1 | X88: =IF(V88=W88,1,0) -> 0 | Y88: =IF(IF(S88>=$B$7-0.000001,1,0)=W88,1,0) -> 0
N89: Winter | O89: Fri | P89: 12-1 PM | Q89: =SUMIFS('Hourly Usage'!H$4:H$63,'Hourly Usage'!$A$4:$A$63,"Year 3",'Hourly Usage'!$B$4:$B$63,$N89,'Hourly Usage'!$C$4:$C$63,$O89) -> 1 | R89: =$B$5*SUMIFS('Hourly Usage'!H$4:H$63,'Hourly Usage'!$A$4:$A$63,"Year 1",'Hourly Usage'!$B$4:$B$63,$N89,'Hourly Usage'!$C$4:$C$63,$O89)+$B$6*SUMIFS('Hourly Usage'!H$4:H$63,'Hourly Usage'!$A$4:$A$63,"Year 2",'Hourly Usage'!$B$4:$B$63,$N89,'Hourly Usage'!$C$4:$C$63,$O89) -> 0.4 | S89: =SUMIFS('Hourly Usage'!H$4:H$63,'Hourly Usage'!$A$4:$A$63,"Year 2",'Hourly Usage'!$B$4:$B$63,$N89,'Hourly Usage'!$C$4:$C$63,$O89) -> 0 | T89: =ABS(Q89-R89) -> 0.6 | U89: =ABS(Q89-S89) -> 1 | V89: =IF(R89>=$B$7-0.000001,1,0) -> 0 | W89: =IF(Q89>=$B$7-0.000001,1,0) -> 1 | X89: =IF(V89=W89,1,0) -> 0 | Y89: =IF(IF(S89>=$B$7-0.000001,1,0)=W89,1,0) -> 0
N90: Winter | O90: Fri | P90: 1-2 PM | Q90: =SUMIFS('Hourly Usage'!I$4:I$63,'Hourly Usage'!$A$4:$A$63,"Year 3",'Hourly Usage'!$B$4:$B$63,$N90,'Hourly Usage'!$C$4:$C$63,$O90) -> 0.5 | R90: =$B$5*SUMIFS('Hourly Usage'!I$4:I$63,'Hourly Usage'!$A$4:$A$63,"Year 1",'Hourly Usage'!$B$4:$B$63,$N90,'Hourly Usage'!$C$4:$C$63,$O90)+$B$6*SUMIFS('Hourly Usage'!I$4:I$63,'Hourly Usage'!$A$4:$A$63,"Year 2",'Hourly Usage'!$B$4:$B$63,$N90,'Hourly Usage'!$C$4:$C$63,$O90) -> 0.6 | S90: =SUMIFS('Hourly Usage'!I$4:I$63,'Hourly Usage'!$A$4:$A$63,"Year 2",'Hourly Usage'!$B$4:$B$63,$N90,'Hourly Usage'!$C$4:$C$63,$O90) -> 1 | T90: =ABS(Q90-R90) -> 0.1 | U90: =ABS(Q90-S90) -> 0.5 | V90: =IF(R90>=$B$7-0.000001,1,0) -> 1 | W90: =IF(Q90>=$B$7-0.000001,1,0) -> 1 | X90: =IF(V90=W90,1,0) -> 1 | Y90: =IF(IF(S90>=$B$7-0.000001,1,0)=W90,1,0) -> 1
N91: Winter | O91: Fri | P91: 2-3 PM | Q91: =SUMIFS('Hourly Usage'!J$4:J$63,'Hourly Usage'!$A$4:$A$63,"Year 3",'Hourly Usage'!$B$4:$B$63,$N91,'Hourly Usage'!$C$4:$C$63,$O91) -> 0 | R91: =$B$5*SUMIFS('Hourly Usage'!J$4:J$63,'Hourly Usage'!$A$4:$A$63,"Year 1",'Hourly Usage'!$B$4:$B$63,$N91,'Hourly Usage'!$C$4:$C$63,$O91)+$B$6*SUMIFS('Hourly Usage'!J$4:J$63,'Hourly Usage'!$A$4:$A$63,"Year 2",'Hourly Usage'!$B$4:$B$63,$N91,'Hourly Usage'!$C$4:$C$63,$O91) -> 0.6 | S91: =SUMIFS('Hourly Usage'!J$4:J$63,'Hourly Usage'!$A$4:$A$63,"Year 2",'Hourly Usage'!$B$4:$B$63,$N91,'Hourly Usage'!$C$4:$C$63,$O91) -> 1 | T91: =ABS(Q91-R91) -> 0.6 | U91: =ABS(Q91-S91) -> 1 | V91: =IF(R91>=$B$7-0.000001,1,0) -> 1 | W91: =IF(Q91>=$B$7-0.000001,1,0) -> 0 | X91: =IF(V91=W91,1,0) -> 0 | Y91: =IF(IF(S91>=$B$7-0.000001,1,0)=W91,1,0) -> 0
N92: Winter | O92: Fri | P92: 3-4 PM | Q92: =SUMIFS('Hourly Usage'!K$4:K$63,'Hourly Usage'!$A$4:$A$63,"Year 3",'Hourly Usage'!$B$4:$B$63,$N92,'Hourly Usage'!$C$4:$C$63,$O92) -> 0.5 | R92: =$B$5*SUMIFS('Hourly Usage'!K$4:K$63,'Hourly Usage'!$A$4:$A$63,"Year 1",'Hourly Usage'!$B$4:$B$63,$N92,'Hourly Usage'!$C$4:$C$63,$O92)+$B$6*SUMIFS('Hourly Usage'!K$4:K$63,'Hourly Usage'!$A$4:$A$63,"Year 2",'Hourly Usage'!$B$4:$B$63,$N92,'Hourly Usage'!$C$4:$C$63,$O92) -> 1 | S92: =SUMIFS('Hourly Usage'!K$4:K$63,'Hourly Usage'!$A$4:$A$63,"Year 2",'Hourly Usage'!$B$4:$B$63,$N92,'Hourly Usage'!$C$4:$C$63,$O92) -> 1 | T92: =ABS(Q92-R92) -> 0.5 | U92: =ABS(Q92-S92) -> 0.5 | V92: =IF(R92>=$B$7-0.000001,1,0) -> 1 | W92: =IF(Q92>=$B$7-0.000001,1,0) -> 1 | X92: =IF(V92=W92,1,0) -> 1 | Y92: =IF(IF(S92>=$B$7-0.000001,1,0)=W92,1,0) -> 1
N93: Winter | O93: Fri | P93: 4-5 PM | Q93: =SUMIFS('Hourly Usage'!L$4:L$63,'Hourly Usage'!$A$4:$A$63,"Year 3",'Hourly Usage'!$B$4:$B$63,$N93,'Hourly Usage'!$C$4:$C$63,$O93) -> 1 | R93: =$B$5*SUMIFS('Hourly Usage'!L$4:L$63,'Hourly Usage'!$A$4:$A$63,"Year 1",'Hourly Usage'!$B$4:$B$63,$N93,'Hourly Usage'!$C$4:$C$63,$O93)+$B$6*SUMIFS('Hourly Usage'!L$4:L$63,'Hourly Usage'!$A$4:$A$63,"Year 2",'Hourly Usage'!$B$4:$B$63,$N93,'Hourly Usage'!$C$4:$C$63,$O93) -> 1 | S93: =SUMIFS('Hourly Usage'!L$4:L$63,'Hourly Usage'!$A$4:$A$63,"Year 2",'Hourly Usage'!$B$4:$B$63,$N93,'Hourly Usage'!$C$4:$C$63,$O93) -> 1 | T93: =ABS(Q93-R93) -> 0 | U93: =ABS(Q93-S93) -> 0 | V93: =IF(R93>=$B$7-0.000001,1,0) -> 1 | W93: =IF(Q93>=$B$7-0.000001,1,0) -> 1 | X93: =IF(V93=W93,1,0) -> 1 | Y93: =IF(IF(S93>=$B$7-0.000001,1,0)=W93,1,0) -> 1
N94: Spring | O94: Mon | P94: 8-9 AM | Q94: =SUMIFS('Hourly Usage'!D$4:D$63,'Hourly Usage'!$A$4:$A$63,"Year 3",'Hourly Usage'!$B$4:$B$63,$N94,'Hourly Usage'!$C$4:$C$63,$O94) -> 0 | R94: =$B$5*SUMIFS('Hourly Usage'!D$4:D$63,'Hourly Usage'!$A$4:$A$63,"Year 1",'Hourly Usage'!$B$4:$B$63,$N94,'Hourly Usage'!$C$4:$C$63,$O94)+$B$6*SUMIFS('Hourly Usage'!D$4:D$63,'Hourly Usage'!$A$4:$A$63,"Year 2",'Hourly Usage'!$B$4:$B$63,$N94,'Hourly Usage'!$C$4:$C$63,$O94) -> 0 | S94: =SUMIFS('Hourly Usage'!D$4:D$63,'Hourly Usage'!$A$4:$A$63,"Year 2",'Hourly Usage'!$B$4:$B$63,$N94,'Hourly Usage'!$C$4:$C$63,$O94) -> 0 | T94: =ABS(Q94-R94) -> 0 | U94: =ABS(Q94-S94) -> 0 | V94: =IF(R94>=$B$7-0.000001,1,0) -> 0 | W94: =IF(Q94>=$B$7-0.000001,1,0) -> 0 | X94: =IF(V94=W94,1,0) -> 1 | Y94: =IF(IF(S94>=$B$7-0.000001,1,0)=W94,1,0) -> 1
N95: Spring | O95: Mon | P95: 9-10 AM | Q95: =SUMIFS('Hourly Usage'!E$4:E$63,'Hourly Usage'!$A$4:$A$63,"Year 3",'Hourly Usage'!$B$4:$B$63,$N95,'Hourly Usage'!$C$4:$C$63,$O95) -> 1 | R95: =$B$5*SUMIFS('Hourly Usage'!E$4:E$63,'Hourly Usage'!$A$4:$A$63,"Year 1",'Hourly Usage'!$B$4:$B$63,$N95,'Hourly Usage'!$C$4:$C$63,$O95)+$B$6*SUMIFS('Hourly Usage'!E$4:E$63,'Hourly Usage'!$A$4:$A$63,"Year 2",'Hourly Usage'!$B$4:$B$63,$N95,'Hourly Usage'!$C$4:$C$63,$O95) -> 0 | S95: =SUMIFS('Hourly Usage'!E$4:E$63,'Hourly Usage'!$A$4:$A$63,"Year 2",'Hourly Usage'!$B$4:$B$63,$N95,'Hourly Usage'!$C$4:$C$63,$O95) -> 0 | T95: =ABS(Q95-R95) -> 1 | U95: =ABS(Q95-S95) -> 1 | V95: =IF(R95>=$B$7-0.000001,1,0) -> 0 | W95: =IF(Q95>=$B$7-0.000001,1,0) -> 1 | X95: =IF(V95=W95,1,0) -> 0 | Y95: =IF(IF(S95>=$B$7-0.000001,1,0)=W95,1,0) -> 0
N96: Spring | O96: Mon | P96: 10-11 AM | Q96: =SUMIFS('Hourly Usage'!F$4:F$63,'Hourly Usage'!$A$4:$A$63,"Year 3",'Hourly Usage'!$B$4:$B$63,$N96,'Hourly Usage'!$C$4:$C$63,$O96) -> 0.5 | R96: =$B$5*SUMIFS('Hourly Usage'!F$4:F$63,'Hourly Usage'!$A$4:$A$63,"Year 1",'Hourly Usage'!$B$4:$B$63,$N96,'Hourly Usage'!$C$4:$C$63,$O96)+$B$6*SUMIFS('Hourly Usage'!F$4:F$63,'Hourly Usage'!$A$4:$A$63,"Year 2",'Hourly Usage'!$B$4:$B$63,$N96,'Hourly Usage'!$C$4:$C$63,$O96) -> 0 | S96: =SUMIFS('Hourly Usage'!F$4:F$63,'Hourly Usage'!$A$4:$A$63,"Year 2",'Hourly Usage'!$B$4:$B$63,$N96,'Hourly Usage'!$C$4:$C$63,$O96) -> 0 | T96: =ABS(Q96-R96) -> 0.5 | U96: =ABS(Q96-S96) -> 0.5 | V96: =IF(R96>=$B$7-0.000001,1,0) -> 0 | W96: =IF(Q96>=$B$7-0.000001,1,0) -> 1 | X96: =IF(V96=W96,1,0) -> 0 | Y96: =IF(IF(S96>=$B$7-0.000001,1,0)=W96,1,0) -> 0
N97: Spring | O97: Mon | P97: 11 AM-12 PM | Q97: =SUMIFS('Hourly Usage'!G$4:G$63,'Hourly Usage'!$A$4:$A$63,"Year 3",'Hourly Usage'!$B$4:$B$63,$N97,'Hourly Usage'!$C$4:$C$63,$O97) -> 0 | R97: =$B$5*SUMIFS('Hourly Usage'!G$4:G$63,'Hourly Usage'!$A$4:$A$63,"Year 1",'Hourly Usage'!$B$4:$B$63,$N97,'Hourly Usage'!$C$4:$C$63,$O97)+$B$6*SUMIFS('Hourly Usage'!G$4:G$63,'Hourly Usage'!$A$4:$A$63,"Year 2",'Hourly Usage'!$B$4:$B$63,$N97,'Hourly Usage'!$C$4:$C$63,$O97) -> 0 | S97: =SUMIFS('Hourly Usage'!G$4:G$63,'Hourly Usage'!$A$4:$A$63,"Year 2",'Hourly Usage'!$B$4:$B$63,$N97,'Hourly Usage'!$C$4:$C$63,$O97) -> 0 | T97: =ABS(Q97-R97) -> 0 | U97: =ABS(Q97-S97) -> 0 | V97: =IF(R97>=$B$7-0.000001,1,0) -> 0 | W97: =IF(Q97>=$B$7-0.000001,1,0) -> 0 | X97: =IF(V97=W97,1,0) -> 1 | Y97: =IF(IF(S97>=$B$7-0.000001,1,0)=W97,1,0) -> 1
N98: Spring | O98: Mon | P98: 12-1 PM | Q98: =SUMIFS('Hourly Usage'!H$4:H$63,'Hourly Usage'!$A$4:$A$63,"Year 3",'Hourly Usage'!$B$4:$B$63,$N98,'Hourly Usage'!$C$4:$C$63,$O98) -> 0 | R98: =$B$5*SUMIFS('Hourly Usage'!H$4:H$63,'Hourly Usage'!$A$4:$A$63,"Year 1",'Hourly Usage'!$B$4:$B$63,$N98,'Hourly Usage'!$C$4:$C$63,$O98)+$B$6*SUMIFS('Hourly Usage'!H$4:H$63,'Hourly Usage'!$A$4:$A$63,"Year 2",'Hourly Usage'!$B$4:$B$63,$N98,'Hourly Usage'!$C$4:$C$63,$O98) -> 0.6 | S98: =SUMIFS('Hourly Usage'!H$4:H$63,'Hourly Usage'!$A$4:$A$63,"Year 2",'Hourly Usage'!$B$4:$B$63,$N98,'Hourly Usage'!$C$4:$C$63,$O98) -> 1 | T98: =ABS(Q98-R98) -> 0.6 | U98: =ABS(Q98-S98) -> 1 | V98: =IF(R98>=$B$7-0.000001,1,0) -> 1 | W98: =IF(Q98>=$B$7-0.000001,1,0) -> 0 | X98: =IF(V98=W98,1,0) -> 0 | Y98: =IF(IF(S98>=$B$7-0.000001,1,0)=W98,1,0) -> 0
N99: Spring | O99: Mon | P99: 1-2 PM | Q99: =SUMIFS('Hourly Usage'!I$4:I$63,'Hourly Usage'!$A$4:$A$63,"Year 3",'Hourly Usage'!$B$4:$B$63,$N99,'Hourly Usage'!$C$4:$C$63,$O99) -> 0 | R99: =$B$5*SUMIFS('Hourly Usage'!I$4:I$63,'Hourly Usage'!$A$4:$A$63,"Year 1",'Hourly Usage'!$B$4:$B$63,$N99,'Hourly Usage'!$C$4:$C$63,$O99)+$B$6*SUMIFS('Hourly Usage'!I$4:I$63,'Hourly Usage'!$A$4:$A$63,"Year 2",'Hourly Usage'!$B$4:$B$63,$N99,'Hourly Usage'!$C$4:$C$63,$O99) -> 0 | S99: =SUMIFS('Hourly Usage'!I$4:I$63,'Hourly Usage'!$A$4:$A$63,"Year 2",'Hourly Usage'!$B$4:$B$63,$N99,'Hourly Usage'!$C$4:$C$63,$O99) -> 0 | T99: =ABS(Q99-R99) -> 0 | U99: =ABS(Q99-S99) -> 0 | V99: =IF(R99>=$B$7-0.000001,1,0) -> 0 | W99: =IF(Q99>=$B$7-0.000001,1,0) -> 0 | X99: =IF(V99=W99,1,0) -> 1 | Y99: =IF(IF(S99>=$B$7-0.000001,1,0)=W99,1,0) -> 1
N100: Spring | O100: Mon | P100: 2-3 PM | Q100: =SUMIFS('Hourly Usage'!J$4:J$63,'Hourly Usage'!$A$4:$A$63,"Year 3",'Hourly Usage'!$B$4:$B$63,$N100,'Hourly Usage'!$C$4:$C$63,$O100) -> 0 | R100: =$B$5*SUMIFS('Hourly Usage'!J$4:J$63,'Hourly Usage'!$A$4:$A$63,"Year 1",'Hourly Usage'!$B$4:$B$63,$N100,'Hourly Usage'!$C$4:$C$63,$O100)+$B$6*SUMIFS('Hourly Usage'!J$4:J$63,'Hourly Usage'!$A$4:$A$63,"Year 2",'Hourly Usage'!$B$4:$B$63,$N100,'Hourly Usage'!$C$4:$C$63,$O100) -> 0.4 | S100: =SUMIFS('Hourly Usage'!J$4:J$63,'Hourly Usage'!$A$4:$A$63,"Year 2",'Hourly Usage'!$B$4:$B$63,$N100,'Hourly Usage'!$C$4:$C$63,$O100) -> 0 | T100: =ABS(Q100-R100) -> 0.4 | U100: =ABS(Q100-S100) -> 0 | V100: =IF(R100>=$B$7-0.000001,1,0) -> 0 | W100: =IF(Q100>=$B$7-0.000001,1,0) -> 0 | X100: =IF(V100=W100,1,0) -> 1 | Y100: =IF(IF(S100>=$B$7-0.000001,1,0)=W100,1,0) -> 1
...

Sheet Summary
A1: ="Room A Hourly Usage Summary, "&Assumptions!B3 -> Room A Hourly Usage Summary, Year 4
A3: Quarter | B3: Typical-week hours booked (8-5) | C3: Room utilization (of 45 hrs) | D3: Busy hour-slots per week | E3: Busiest hour of day | F3: Avg use in busiest hour | G3: Quietest hour of day | H3: Free hours per week
A4: Fall | B4: =Forecast!M11 -> 19.983333 | C4: =B4/45 -> 0.44407407 | D4: =Forecast!C11 -> 10 | E4: =INDEX(Forecast!$D$5:$L$5,MATCH(MAX(Forecast!D11:L11),Forecast!D11:L11,0)) -> 12-1 PM | F4: =MAX(Forecast!D11:L11) -> 0.81 | G4: =INDEX(Forecast!$D$5:$L$5,MATCH(MIN(Forecast!D11:L11),Forecast!D11:L11,0)) -> 8-9 AM | H4: =Forecast!N11 -> 25.016667
A5: Winter | B5: =Forecast!M20 -> 19.516667 | C5: =B5/45 -> 0.4337037 | D5: =Forecast!C20 -> 10 | E5: =INDEX(Forecast!$D$5:$L$5,MATCH(MAX(Forecast!D20:L20),Forecast!D20:L20,0)) -> 12-1 PM | F5: =MAX(Forecast!D20:L20) -> 0.86 | G5: =INDEX(Forecast!$D$5:$L$5,MATCH(MIN(Forecast!D20:L20),Forecast!D20:L20,0)) -> 8-9 AM | H5: =Forecast!N20 -> 25.483333
A6: Spring | B6: =Forecast!M29 -> 18.375 | C6: =B6/45 -> 0.40833333 | D6: =Forecast!C29 -> 10 | E6: =INDEX(Forecast!$D$5:$L$5,MATCH(MAX(Forecast!D29:L29),Forecast!D29:L29,0)) -> 3-4 PM | F6: =MAX(Forecast!D29:L29) -> 0.65 | G6: =INDEX(Forecast!$D$5:$L$5,MATCH(MIN(Forecast!D29:L29),Forecast!D29:L29,0)) -> 8-9 AM | H6: =Forecast!N29 -> 26.625
A7: Summer | B7: =Forecast!M38 -> 11.25 | C7: =B7/45 -> 0.25 | D7: =Forecast!C38 -> 6 | E7: =INDEX(Forecast!$D$5:$L$5,MATCH(MAX(Forecast!D38:L38),Forecast!D38:L38,0)) -> 12-1 PM | F7: =MAX(Forecast!D38:L38) -> 0.51 | G7: =INDEX(Forecast!$D$5:$L$5,MATCH(MIN(Forecast!D38:L38),Forecast!D38:L38,0)) -> 8-9 AM | H7: =Forecast!N38 -> 33.75
A9: Average use by hour of day (all weekdays)
A10: Quarter | B10: 8-9 AM | C10: 9-10 AM | D10: 10-11 AM | E10: 11 AM-12 PM | F10: 12-1 PM | G10: 1-2 PM | H10: 2-3 PM | I10: 3-4 PM | J10: 4-5 PM
A11: Fall | B11: =Forecast!D11 -> 0.03 | C11: =Forecast!E11 -> 0.4 | D11: =Forecast!F11 -> 0.47 | E11: =Forecast!G11 -> 0.285 | F11: =Forecast!H11 -> 0.81 | G11: =Forecast!I11 -> 0.50166667 | H11: =Forecast!J11 -> 0.2 | I11: =Forecast!K11 -> 0.69 | J11: =Forecast!L11 -> 0.61
A12: Winter | B12: =Forecast!D20 -> 0 | C12: =Forecast!E20 -> 0.25 | D12: =Forecast!F20 -> 0.25 | E12: =Forecast!G20 -> 0.265 | F12: =Forecast!H20 -> 0.86 | G12: =Forecast!I20 -> 0.64166667 | H12: =Forecast!J20 -> 0.38666667 | I12: =Forecast!K20 -> 0.65 | J12: =Forecast!L20 -> 0.6
A13: Spring | B13: =Forecast!D29 -> 0.05 | C13: =Forecast!E29 -> 0.36 | D13: =Forecast!F29 -> 0.26 | E13: =Forecast!G29 -> 0.21 | F13: =Forecast!H29 -> 0.64 | G13: =Forecast!I29 -> 0.455 | H13: =Forecast!J29 -> 0.41 | I13: =Forecast!K29 -> 0.65 | J13: =Forecast!L29 -> 0.64
A14: Summer | B14: =Forecast!D38 -> 0 | C14: =Forecast!E38 -> 0.21 | D14: =Forecast!F38 -> 0.29 | E14: =Forecast!G38 -> 0.33 | F14: =Forecast!H38 -> 0.51 | G14: =Forecast!I38 -> 0.34 | H14: =Forecast!J38 -> 0.11 | I14: =Forecast!K38 -> 0.2 | J14: =Forecast!L38 -> 0.26
A16: current fall check: typical-week hours actual vs forecast
A17: Actual (Wks 1, 2, 4 average) | B17: ='Current Fall Actual'!M10 -> 15.833333
A18: Forecast | B18: =Forecast!M11 -> 19.983333
A19: Difference | B19: =B17/B18-1 -> -0.20767306

Sheet Assumptions
A1: Assumptions
A2: Assumption | B2: Value | C2: Notes
A3: Forecast year | B3: Year 4
A4: Growth in usage | B4: 0 | C4: Scales every hourly forecast; results are capped at 100%
A5: Weight: Year 1 | B5: 0.2
A6: Weight: Year 2 | B6: 0.3
A7: Weight: Year 3 | B7: 0.5 | C7: Most recent year weighted highest
A8: Sample weeks per quarter-year in the log | B8: 1 | C8: Usage is divided by this; raise it if you add more sample weeks per quarter
A9: current fall weeks in the actual log | B9: 3 | C9: Weeks of Sep 21, Sep 28, Oct 12 (Course Event Week excluded)
A10: 'Busy hour' threshold | B10: 0.75 | C10: Hour slots at or above this share booked count as busy
A13: Registrar projection settings
A14: Setting | B14: Value | C14: Notes
A15: 'Open': expected department use at or below | B15: 0.2 | C15: Expected = average projected department use across the minutes the pattern covers
A16: ...and worst-case hour at or below | B16: 0.5 | C16: Worst-case = highest projected use in any hour the pattern touches
A17: 'Check first': expected department use at or below | B17: 0.35 | C17: Some weeks may clash; confirm with the department before booking
A18: Instruction weeks per quarter (Fall/Winter/Spring) | B18: 10 | C18: 10 weeks of instruction
A19: Instruction weeks, Summer | B19: 8 | C19: Summer quarter
A20: Room seats | B20: 36 | C20: Fits seminars, discussion sections, and small exams

Sheet Registrar Patterns
A1: Registrar Standard Meeting Patterns vs. Projected Department Use
A2: Expected = average projected department use over the minutes the pattern covers. Worst-case = busiest hour it touches. Assign = 1 adds the pattern to the Registrar projection (recommended scenario shown; change freely).
A4: Pattern | B4: Days | C4: Start | D4: End | E4: Hours / week | F4: Fall expected | G4: Fall worst-case | H4: Fall status | I4: Fall assign (1/0) | J4: Winter expected | K4: Winter worst-case | L4: Winter status | M4: Winter assign (1/0) | N4: Spring expected | O4: Spring worst-case | P4: Spring status | Q4: Spring assign (1/0) | R4: Summer expected | S4: Summer worst-case | T4: Summer status | U4: Summer assign (1/0) | V4: current fall actual: expected use | W4: current fall actual: worst-case
A5: MWF 50 min | B5: Mon,Wed,Fri | C5: 0.35416667 | D5: 0.38888889 | E5: =(LEN(B5)-LEN(SUBSTITUTE(B5,",",""))+1)*(MIN(D5,17/24)-MAX(C5,8/24))*24 -> 2.5 | F5: =IFERROR(SUMPRODUCT(ISNUMBER(SEARCH(Forecast!$B$6:$B$10,$B5))*(((((($D5*24)+Forecast!$D$3:$L$3+1-ABS(($D5*24)-Forecast!$D$3:$L$3-1))/2)-((($C5*24)+Forecast!$D$3:$L$3+ABS(($C5*24)-Forecast!$D$3:$L$3))/2))+ABS((((($D5*24)+Forecast!$D$3:$L$3+1-ABS(($D5*24)-Forecast!$D$3:$L$3-1))/2)-((($C5*24)+Forecast!$D$3:$L$3+ABS(($C5*24)-Forecast!$D$3:$L$3))/2))))/2)*Forecast!$D$6:$L$10)/SUMPRODUCT(ISNUMBER(SEARCH(Forecast!$B$6:$B$10,$B5))*(((((($D5*24)+Forecast!$D$3:$L$3+1-ABS(($D5*24)-Forecast!$D$3:$L$3-1))/2)-((($C5*24)+Forecast!$D$3:$L$3+ABS(($C5*24)-Forecast!$D$3:$L$3))/2))+ABS((((($D5*24)+Forecast!$D$3:$L$3+1-ABS(($D5*24)-Forecast!$D$3:$L$3-1))/2)-((($C5*24)+Forecast!$D$3:$L$3+ABS(($C5*24)-Forecast!$D$3:$L$3))/2))))/2)),0) -> 0.21666667 | G5: =SUMPRODUCT(MAX(ISNUMBER(SEARCH(Forecast!$B$6:$B$10,$B5))*(Forecast!$D$3:$L$3<($D5*24))*(Forecast!$D$3:$L$3+1>($C5*24))*Forecast!$D$6:$L$10)) -> 0.7 | H5: =IF(AND(F5<=Assumptions!$B$15,G5<=Assumptions!$B$16),"Open",IF(F5<=Assumptions!$B$17,"Check first","Conflict")) -> Check first | I5: 1 | J5: =IFERROR(SUMPRODUCT(ISNUMBER(SEARCH(Forecast!$B$15:$B$19,$B5))*(((((($D5*24)+Forecast!$D$3:$L$3+1-ABS(($D5*24)-Forecast!$D$3:$L$3-1))/2)-((($C5*24)+Forecast!$D$3:$L$3+ABS(($C5*24)-Forecast!$D$3:$L$3))/2))+ABS((((($D5*24)+Forecast!$D$3:$L$3+1-ABS(($D5*24)-Forecast!$D$3:$L$3-1))/2)-((($C5*24)+Forecast!$D$3:$L$3+ABS(($C5*24)-Forecast!$D$3:$L$3))/2))))/2)*Forecast!$D$15:$L$19)/SUMPRODUCT(ISNUMBER(SEARCH(Forecast!$B$15:$B$19,$B5))*(((((($D5*24)+Forecast!$D$3:$L$3+1-ABS(($D5*24)-Forecast!$D$3:$L$3-1))/2)-((($C5*24)+Forecast!$D$3:$L$3+ABS(($C5*24)-Forecast!$D$3:$L$3))/2))+ABS((((($D5*24)+Forecast!$D$3:$L$3+1-ABS(($D5*24)-Forecast!$D$3:$L$3-1))/2)-((($C5*24)+Forecast!$D$3:$L$3+ABS(($C5*24)-Forecast!$D$3:$L$3))/2))))/2)),0) -> 0.15333333 | K5: =SUMPRODUCT(MAX(ISNUMBER(SEARCH(Forecast!$B$15:$B$19,$B5))*(Forecast!$D$3:$L$3<($D5*24))*(Forecast!$D$3:$L$3+1>($C5*24))*Forecast!$D$15:$L$19)) -> 0.5 | L5: =IF(AND(J5<=Assumptions!$B$15,K5<=Assumptions!$B$16),"Open",IF(J5<=Assumptions!$B$17,"Check first","Conflict")) -> Open | M5: 1 | N5: =IFERROR(SUMPRODUCT(ISNUMBER(SEARCH(Forecast!$B$24:$B$28,$B5))*(((((($D5*24)+Forecast!$D$3:$L$3+1-ABS(($D5*24)-Forecast!$D$3:$L$3-1))/2)-((($C5*24)+Forecast!$D$3:$L$3+ABS(($C5*24)-Forecast!$D$3:$L$3))/2))+ABS((((($D5*24)+Forecast!$D$3:$L$3+1-ABS(($D5*24)-Forecast!$D$3:$L$3-1))/2)-((($C5*24)+Forecast!$D$3:$L$3+ABS(($C5*24)-Forecast!$D$3:$L$3))/2))))/2)*Forecast!$D$24:$L$28)/SUMPRODUCT(ISNUMBER(SEARCH(Forecast!$B$24:$B$28,$B5))*(((((($D5*24)+Forecast!$D$3:$L$3+1-ABS(($D5*24)-Forecast!$D$3:$L$3-1))/2)-((($C5*24)+Forecast!$D$3:$L$3+ABS(($C5*24)-Forecast!$D$3:$L$3))/2))+ABS((((($D5*24)+Forecast!$D$3:$L$3+1-ABS(($D5*24)-Forecast!$D$3:$L$3-1))/2)-((($C5*24)+Forecast!$D$3:$L$3+ABS(($C5*24)-Forecast!$D$3:$L$3))/2))))/2)),0) -> 0.29 | O5: =SUMPRODUCT(MAX(ISNUMBER(SEARCH(Forecast!$B$24:$B$28,$B5))*(Forecast!$D$3:$L$3<($D5*24))*(Forecast!$D$3:$L$3+1>($C5*24))*Forecast!$D$24:$L$28)) -> 0.8 | P5: =IF(AND(N5<=Assumptions!$B$15,O5<=Assumptions!$B$16),"Open",IF(N5<=Assumptions!$B$17,"Check first","Conflict")) -> Check first | Q5: 1 | R5: =IFERROR(SUMPRODUCT(ISNUMBER(SEARCH(Forecast!$B$33:$B$37,$B5))*(((((($D5*24)+Forecast!$D$3:$L$3+1-ABS(($D5*24)-Forecast!$D$3:$L$3-1))/2)-((($C5*24)+Forecast!$D$3:$L$3+ABS(($C5*24)-Forecast!$D$3:$L$3))/2))+ABS((((($D5*24)+Forecast!$D$3:$L$3+1-ABS(($D5*24)-Forecast!$D$3:$L$3-1))/2)-((($C5*24)+Forecast!$D$3:$L$3+ABS(($C5*24)-Forecast!$D$3:$L$3))/2))))/2)*Forecast!$D$33:$L$37)/SUMPRODUCT(ISNUMBER(SEARCH(Forecast!$B$33:$B$37,$B5))*(((((($D5*24)+Forecast!$D$3:$L$3+1-ABS(($D5*24)-Forecast!$D$3:$L$3-1))/2)-((($C5*24)+Forecast!$D$3:$L$3+ABS(($C5*24)-Forecast!$D$3:$L$3))/2))+ABS((((($D5*24)+Forecast!$D$3:$L$3+1-ABS(($D5*24)-Forecast!$D$3:$L$3-1))/2)-((($C5*24)+Forecast!$D$3:$L$3+ABS(($C5*24)-Forecast!$D$3:$L$3))/2))))/2)),0) -> 0.14 | S5: =SUMPRODUCT(MAX(ISNUMBER(SEARCH(Forecast!$B$33:$B$37,$B5))*(Forecast!$D$3:$L$3<($D5*24))*(Forecast!$D$3:$L$3+1>($C5*24))*Forecast!$D$33:$L$37)) -> 0.8 | T5: =IF(AND(R5<=Assumptions!$B$15,S5<=Assumptions!$B$16),"Open",IF(R5<=Assumptions!$B$17,"Check first","Conflict")) -> Check first | U5: 1 | V5: =IFERROR(SUMPRODUCT(ISNUMBER(SEARCH('Current Fall Actual'!$B$5:$B$9,$B5))*(((((($D5*24)+Forecast!$D$3:$L$3+1-ABS(($D5*24)-Forecast!$D$3:$L$3-1))/2)-((($C5*24)+Forecast!$D$3:$L$3+ABS(($C5*24)-Forecast!$D$3:$L$3))/2))+ABS((((($D5*24)+Forecast!$D$3:$L$3+1-ABS(($D5*24)-Forecast!$D$3:$L$3-1))/2)-((($C5*24)+Forecast!$D$3:$L$3+ABS(($C5*24)-Forecast!$D$3:$L$3))/2))))/2)*'Current Fall Actual'!$D$5:$L$9)/SUMPRODUCT(ISNUMBER(SEARCH('Current Fall Actual'!$B$5:$B$9,$B5))*(((((($D5*24)+Forecast!$D$3:$L$3+1-ABS(($D5*24)-Forecast!$D$3:$L$3-1))/2)-((($C5*24)+Forecast!$D$3:$L$3+ABS(($C5*24)-Forecast!$D$3:$L$3))/2))+ABS((((($D5*24)+Forecast!$D$3:$L$3+1-ABS(($D5*24)-Forecast!$D$3:$L$3-1))/2)-((($C5*24)+Forecast!$D$3:$L$3+ABS(($C5*24)-Forecast!$D$3:$L$3))/2))))/2)),0) -> 0.13333333 | W5: =SUMPRODUCT(MAX(ISNUMBER(SEARCH('Current Fall Actual'!$B$5:$B$9,$B5))*(Forecast!$D$3:$L$3<($D5*24))*(Forecast!$D$3:$L$3+1>($C5*24))*'Current Fall Actual'!$D$5:$L$9)) -> 1
A6: MWF 50 min | B6: Mon,Wed,Fri | C6: 0.39583333 | D6: 0.43055556 | E6: =(LEN(B6)-LEN(SUBSTITUTE(B6,",",""))+1)*(MIN(D6,17/24)-MAX(C6,8/24))*24 -> 2.5 | F6: =IFERROR(SUMPRODUCT(ISNUMBER(SEARCH(Forecast!$B$6:$B$10,$B6))*(((((($D6*24)+Forecast!$D$3:$L$3+1-ABS(($D6*24)-Forecast!$D$3:$L$3-1))/2)-((($C6*24)+Forecast!$D$3:$L$3+ABS(($C6*24)-Forecast!$D$3:$L$3))/2))+ABS((((($D6*24)+Forecast!$D$3:$L$3+1-ABS(($D6*24)-Forecast!$D$3:$L$3-1))/2)-((($C6*24)+Forecast!$D$3:$L$3+ABS(($C6*24)-Forecast!$D$3:$L$3))/2))))/2)*Forecast!$D$6:$L$10)/SUMPRODUCT(ISNUMBER(SEARCH(Forecast!$B$6:$B$10,$B6))*(((((($D6*24)+Forecast!$D$3:$L$3+1-ABS(($D6*24)-Forecast!$D$3:$L$3-1))/2)-((($C6*24)+Forecast!$D$3:$L$3+ABS(($C6*24)-Forecast!$D$3:$L$3))/2))+ABS((((($D6*24)+Forecast!$D$3:$L$3+1-ABS(($D6*24)-Forecast!$D$3:$L$3-1))/2)-((($C6*24)+Forecast!$D$3:$L$3+ABS(($C6*24)-Forecast!$D$3:$L$3))/2))))/2)),0) -> 0.51333333 | G6: =SUMPRODUCT(MAX(ISNUMBER(SEARCH(Forecast!$B$6:$B$10,$B6))*(Forecast!$D$3:$L$3<($D6*24))*(Forecast!$D$3:$L$3+1>($C6*24))*Forecast!$D$6:$L$10)) -> 0.85 | H6: =IF(AND(F6<=Assumptions!$B$15,G6<=Assumptions!$B$16),"Open",IF(F6<=Assumptions!$B$17,"Check first","Conflict")) -> Conflict | I6: 0 | J6: =IFERROR(SUMPRODUCT(ISNUMBER(SEARCH(Forecast!$B$15:$B$19,$B6))*(((((($D6*24)+Forecast!$D$3:$L$3+1-ABS(($D6*24)-Forecast!$D$3:$L$3-1))/2)-((($C6*24)+Forecast!$D$3:$L$3+ABS(($C6*24)-Forecast!$D$3:$L$3))/2))+ABS((((($D6*24)+Forecast!$D$3:$L$3+1-ABS(($D6*24)-Forecast!$D$3:$L$3-1))/2)-((($C6*24)+Forecast!$D$3:$L$3+ABS(($C6*24)-Forecast!$D$3:$L$3))/2))))/2)*Forecast!$D$15:$L$19)/SUMPRODUCT(ISNUMBER(SEARCH(Forecast!$B$15:$B$19,$B6))*(((((($D6*24)+Forecast!$D$3:$L$3+1-ABS(($D6*24)-Forecast!$D$3:$L$3-1))/2)-((($C6*24)+Forecast!$D$3:$L$3+ABS(($C6*24)-Forecast!$D$3:$L$3))/2))+ABS((((($D6*24)+Forecast!$D$3:$L$3+1-ABS(($D6*24)-Forecast!$D$3:$L$3-1))/2)-((($C6*24)+Forecast!$D$3:$L$3+ABS(($C6*24)-Forecast!$D$3:$L$3))/2))))/2)),0) -> 0.37 | K6: =SUMPRODUCT(MAX(ISNUMBER(SEARCH(Forecast!$B$15:$B$19,$B6))*(Forecast!$D$3:$L$3<($D6*24))*(Forecast!$D$3:$L$3+1>($C6*24))*Forecast!$D$15:$L$19)) -> 0.5 | L6: =IF(AND(J6<=Assumptions!$B$15,K6<=Assumptions!$B$16),"Open",IF(J6<=Assumptions!$B$17,"Check first","Conflict")) -> Conflict | M6: 0 | N6: =IFERROR(SUMPRODUCT(ISNUMBER(SEARCH(Forecast!$B$24:$B$28,$B6))*(((((($D6*24)+Forecast!$D$3:$L$3+1-ABS(($D6*24)-Forecast!$D$3:$L$3-1))/2)-((($C6*24)+Forecast!$D$3:$L$3+ABS(($C6*24)-Forecast!$D$3:$L$3))/2))+ABS((((($D6*24)+Forecast!$D$3:$L$3+1-ABS(($D6*24)-Forecast!$D$3:$L$3-1))/2)-((($C6*24)+Forecast!$D$3:$L$3+ABS(($C6*24)-Forecast!$D$3:$L$3))/2))))/2)*Forecast!$D$24:$L$28)/SUMPRODUCT(ISNUMBER(SEARCH(Forecast!$B$24:$B$28,$B6))*(((((($D6*24)+Forecast!$D$3:$L$3+1-ABS(($D6*24)-Forecast!$D$3:$L$3-1))/2)-((($C6*24)+Forecast!$D$3:$L$3+ABS(($C6*24)-Forecast!$D$3:$L$3))/2))+ABS((((($D6*24)+Forecast!$D$3:$L$3+1-ABS(($D6*24)-Forecast!$D$3:$L$3-1))/2)-((($C6*24)+Forecast!$D$3:$L$3+ABS(($C6*24)-Forecast!$D$3:$L$3))/2))))/2)),0) -> 0.53333333 | O6: =SUMPRODUCT(MAX(ISNUMBER(SEARCH(Forecast!$B$24:$B$28,$B6))*(Forecast!$D$3:$L$3<($D6*24))*(Forecast!$D$3:$L$3+1>($C6*24))*Forecast!$D$24:$L$28)) -> 0.8 | P6: =IF(AND(N6<=Assumptions!$B$15,O6<=Assumptions!$B$16),"Open",IF(N6<=Assumptions!$B$17,"Check first","Conflict")) -> Conflict | Q6: 0 | R6: =IFERROR(SUMPRODUCT(ISNUMBER(SEARCH(Forecast!$B$33:$B$37,$B6))*(((((($D6*24)+Forecast!$D$3:$L$3+1-ABS(($D6*24)-Forecast!$D$3:$L$3-1))/2)-((($C6*24)+Forecast!$D$3:$L$3+ABS(($C6*24)-Forecast!$D$3:$L$3))/2))+ABS((((($D6*24)+Forecast!$D$3:$L$3+1-ABS(($D6*24)-Forecast!$D$3:$L$3-1))/2)-((($C6*24)+Forecast!$D$3:$L$3+ABS(($C6*24)-Forecast!$D$3:$L$3))/2))))/2)*Forecast!$D$33:$L$37)/SUMPRODUCT(ISNUMBER(SEARCH(Forecast!$B$33:$B$37,$B6))*(((((($D6*24)+Forecast!$D$3:$L$3+1-ABS(($D6*24)-Forecast!$D$3:$L$3-1))/2)-((($C6*24)+Forecast!$D$3:$L$3+ABS(($C6*24)-Forecast!$D$3:$L$3))/2))+ABS((((($D6*24)+Forecast!$D$3:$L$3+1-ABS(($D6*24)-Forecast!$D$3:$L$3-1))/2)-((($C6*24)+Forecast!$D$3:$L$3+ABS(($C6*24)-Forecast!$D$3:$L$3))/2))))/2)),0) -> 0.38333333 | S6: =SUMPRODUCT(MAX(ISNUMBER(SEARCH(Forecast!$B$33:$B$37,$B6))*(Forecast!$D$3:$L$3<($D6*24))*(Forecast!$D$3:$L$3+1>($C6*24))*Forecast!$D$33:$L$37)) -> 0.8 | T6: =IF(AND(R6<=Assumptions!$B$15,S6<=Assumptions!$B$16),"Open",IF(R6<=Assumptions!$B$17,"Check first","Conflict")) -> Conflict | U6: 0 | V6: =IFERROR(SUMPRODUCT(ISNUMBER(SEARCH('Current Fall Actual'!$B$5:$B$9,$B6))*(((((($D6*24)+Forecast!$D$3:$L$3+1-ABS(($D6*24)-Forecast!$D$3:$L$3-1))/2)-((($C6*24)+Forecast!$D$3:$L$3+ABS(($C6*24)-Forecast!$D$3:$L$3))/2))+ABS((((($D6*24)+Forecast!$D$3:$L$3+1-ABS(($D6*24)-Forecast!$D$3:$L$3-1))/2)-((($C6*24)+Forecast!$D$3:$L$3+ABS(($C6*24)-Forecast!$D$3:$L$3))/2))))/2)*'Current Fall Actual'!$D$5:$L$9)/SUMPRODUCT(ISNUMBER(SEARCH('Current Fall Actual'!$B$5:$B$9,$B6))*(((((($D6*24)+Forecast!$D$3:$L$3+1-ABS(($D6*24)-Forecast!$D$3:$L$3-1))/2)-((($C6*24)+Forecast!$D$3:$L$3+ABS(($C6*24)-Forecast!$D$3:$L$3))/2))+ABS((((($D6*24)+Forecast!$D$3:$L$3+1-ABS(($D6*24)-Forecast!$D$3:$L$3-1))/2)-((($C6*24)+Forecast!$D$3:$L$3+ABS(($C6*24)-Forecast!$D$3:$L$3))/2))))/2)),0) -> 0.33333333 | W6: =SUMPRODUCT(MAX(ISNUMBER(SEARCH('Current Fall Actual'!$B$5:$B$9,$B6))*(Forecast!$D$3:$L$3<($D6*24))*(Forecast!$D$3:$L$3+1>($C6*24))*'Current Fall Actual'!$D$5:$L$9)) -> 1
A7: MWF 50 min | B7: Mon,Wed,Fri | C7: 0.4375 | D7: 0.47222222 | E7: =(LEN(B7)-LEN(SUBSTITUTE(B7,",",""))+1)*(MIN(D7,17/24)-MAX(C7,8/24))*24 -> 2.5 | F7: =IFERROR(SUMPRODUCT(ISNUMBER(SEARCH(Forecast!$B$6:$B$10,$B7))*(((((($D7*24)+Forecast!$D$3:$L$3+1-ABS(($D7*24)-Forecast!$D$3:$L$3-1))/2)-((($C7*24)+Forecast!$D$3:$L$3+ABS(($C7*24)-Forecast!$D$3:$L$3))/2))+ABS((((($D7*24)+Forecast!$D$3:$L$3+1-ABS(($D7*24)-Forecast!$D$3:$L$3-1))/2)-((($C7*24)+Forecast!$D$3:$L$3+ABS(($C7*24)-Forecast!$D$3:$L$3))/2))))/2)*Forecast!$D$6:$L$10)/SUMPRODUCT(ISNUMBER(SEARCH(Forecast!$B$6:$B$10,$B7))*(((((($D7*24)+Forecast!$D$3:$L$3+1-ABS(($D7*24)-Forecast!$D$3:$L$3-1))/2)-((($C7*24)+Forecast!$D$3:$L$3+ABS(($C7*24)-Forecast!$D$3:$L$3))/2))+ABS((((($D7*24)+Forecast!$D$3:$L$3+1-ABS(($D7*24)-Forecast!$D$3:$L$3-1))/2)-((($C7*24)+Forecast!$D$3:$L$3+ABS(($C7*24)-Forecast!$D$3:$L$3))/2))))/2)),0) -> 0.46 | G7: =SUMPRODUCT(MAX(ISNUMBER(SEARCH(Forecast!$B$6:$B$10,$B7))*(Forecast!$D$3:$L$3<($D7*24))*(Forecast!$D$3:$L$3+1>($C7*24))*Forecast!$D$6:$L$10)) -> 0.85 | H7: =IF(AND(F7<=Assumptions!$B$15,G7<=Assumptions!$B$16),"Open",IF(F7<=Assumptions!$B$17,"Check first","Conflict")) -> Conflict | I7: 0 | J7: =IFERROR(SUMPRODUCT(ISNUMBER(SEARCH(Forecast!$B$15:$B$19,$B7))*(((((($D7*24)+Forecast!$D$3:$L$3+1-ABS(($D7*24)-Forecast!$D$3:$L$3-1))/2)-((($C7*24)+Forecast!$D$3:$L$3+ABS(($C7*24)-Forecast!$D$3:$L$3))/2))+ABS((((($D7*24)+Forecast!$D$3:$L$3+1-ABS(($D7*24)-Forecast!$D$3:$L$3-1))/2)-((($C7*24)+Forecast!$D$3:$L$3+ABS(($C7*24)-Forecast!$D$3:$L$3))/2))))/2)*Forecast!$D$15:$L$19)/SUMPRODUCT(ISNUMBER(SEARCH(Forecast!$B$15:$B$19,$B7))*(((((($D7*24)+Forecast!$D$3:$L$3+1-ABS(($D7*24)-Forecast!$D$3:$L$3-1))/2)-((($C7*24)+Forecast!$D$3:$L$3+ABS(($C7*24)-Forecast!$D$3:$L$3))/2))+ABS((((($D7*24)+Forecast!$D$3:$L$3+1-ABS(($D7*24)-Forecast!$D$3:$L$3-1))/2)-((($C7*24)+Forecast!$D$3:$L$3+ABS(($C7*24)-Forecast!$D$3:$L$3))/2))))/2)),0) -> 0.3 | K7: =SUMPRODUCT(MAX(ISNUMBER(SEARCH(Forecast!$B$15:$B$19,$B7))*(Forecast!$D$3:$L$3<($D7*24))*(Forecast!$D$3:$L$3+1>($C7*24))*Forecast!$D$15:$L$19)) -> 0.5 | L7: =IF(AND(J7<=Assumptions!$B$15,K7<=Assumptions!$B$16),"Open",IF(J7<=Assumptions!$B$17,"Check first","Conflict")) -> Check first | M7: 0 | N7: =IFERROR(SUMPRODUCT(ISNUMBER(SEARCH(Forecast!$B$24:$B$28,$B7))*(((((($D7*24)+Forecast!$D$3:$L$3+1-ABS(($D7*24)-Forecast!$D$3:$L$3-1))/2)-((($C7*24)+Forecast!$D$3:$L$3+ABS(($C7*24)-Forecast!$D$3:$L$3))/2))+ABS((((($D7*24)+Forecast!$D$3:$L$3+1-ABS(($D7*24)-Forecast!$D$3:$L$3-1))/2)-((($C7*24)+Forecast!$D$3:$L$3+ABS(($C7*24)-Forecast!$D$3:$L$3))/2))))/2)*Forecast!$D$24:$L$28)/SUMPRODUCT(ISNUMBER(SEARCH(Forecast!$B$24:$B$28,$B7))*(((((($D7*24)+Forecast!$D$3:$L$3+1-ABS(($D7*24)-Forecast!$D$3:$L$3-1))/2)-((($C7*24)+Forecast!$D$3:$L$3+ABS(($C7*24)-Forecast!$D$3:$L$3))/2))+ABS((((($D7*24)+Forecast!$D$3:$L$3+1-ABS(($D7*24)-Forecast!$D$3:$L$3-1))/2)-((($C7*24)+Forecast!$D$3:$L$3+ABS(($C7*24)-Forecast!$D$3:$L$3))/2))))/2)),0) -> 0.36666667 | O7: =SUMPRODUCT(MAX(ISNUMBER(SEARCH(Forecast!$B$24:$B$28,$B7))*(Forecast!$D$3:$L$3<($D7*24))*(Forecast!$D$3:$L$3+1>($C7*24))*Forecast!$D$24:$L$28)) -> 0.8 | P7: =IF(AND(N7<=Assumptions!$B$15,O7<=Assumptions!$B$16),"Open",IF(N7<=Assumptions!$B$17,"Check first","Conflict")) -> Conflict | Q7: 0 | R7: =IFERROR(SUMPRODUCT(ISNUMBER(SEARCH(Forecast!$B$33:$B$37,$B7))*(((((($D7*24)+Forecast!$D$3:$L$3+1-ABS(($D7*24)-Forecast!$D$3:$L$3-1))/2)-((($C7*24)+Forecast!$D$3:$L$3+ABS(($C7*24)-Forecast!$D$3:$L$3))/2))+ABS((((($D7*24)+Forecast!$D$3:$L$3+1-ABS(($D7*24)-Forecast!$D$3:$L$3-1))/2)-((($C7*24)+Forecast!$D$3:$L$3+ABS(($C7*24)-Forecast!$D$3:$L$3))/2))))/2)*Forecast!$D$33:$L$37)/SUMPRODUCT(ISNUMBER(SEARCH(Forecast!$B$33:$B$37,$B7))*(((((($D7*24)+Forecast!$D$3:$L$3+1-ABS(($D7*24)-Forecast!$D$3:$L$3-1))/2)-((($C7*24)+Forecast!$D$3:$L$3+ABS(($C7*24)-Forecast!$D$3:$L$3))/2))+ABS((((($D7*24)+Forecast!$D$3:$L$3+1-ABS(($D7*24)-Forecast!$D$3:$L$3-1))/2)-((($C7*24)+Forecast!$D$3:$L$3+ABS(($C7*24)-Forecast!$D$3:$L$3))/2))))/2)),0) -> 0.37333333 | S7: =SUMPRODUCT(MAX(ISNUMBER(SEARCH(Forecast!$B$33:$B$37,$B7))*(Forecast!$D$3:$L$3<($D7*24))*(Forecast!$D$3:$L$3+1>($C7*24))*Forecast!$D$33:$L$37)) -> 0.8 | T7: =IF(AND(R7<=Assumptions!$B$15,S7<=Assumptions!$B$16),"Open",IF(R7<=Assumptions!$B$17,"Check first","Conflict")) -> Conflict | U7: 0 | V7: =IFERROR(SUMPRODUCT(ISNUMBER(SEARCH('Current Fall Actual'!$B$5:$B$9,$B7))*(((((($D7*24)+Forecast!$D$3:$L$3+1-ABS(($D7*24)-Forecast!$D$3:$L$3-1))/2)-((($C7*24)+Forecast!$D$3:$L$3+ABS(($C7*24)-Forecast!$D$3:$L$3))/2))+ABS((((($D7*24)+Forecast!$D$3:$L$3+1-ABS(($D7*24)-Forecast!$D$3:$L$3-1))/2)-((($C7*24)+Forecast!$D$3:$L$3+ABS(($C7*24)-Forecast!$D$3:$L$3))/2))))/2)*'Current Fall Actual'!$D$5:$L$9)/SUMPRODUCT(ISNUMBER(SEARCH('Current Fall Actual'!$B$5:$B$9,$B7))*(((((($D7*24)+Forecast!$D$3:$L$3+1-ABS(($D7*24)-Forecast!$D$3:$L$3-1))/2)-((($C7*24)+Forecast!$D$3:$L$3+ABS(($C7*24)-Forecast!$D$3:$L$3))/2))+ABS((((($D7*24)+Forecast!$D$3:$L$3+1-ABS(($D7*24)-Forecast!$D$3:$L$3-1))/2)-((($C7*24)+Forecast!$D$3:$L$3+ABS(($C7*24)-Forecast!$D$3:$L$3))/2))))/2)),0) -> 0.26666667 | W7: =SUMPRODUCT(MAX(ISNUMBER(SEARCH('Current Fall Actual'!$B$5:$B$9,$B7))*(Forecast!$D$3:$L$3<($D7*24))*(Forecast!$D$3:$L$3+1>($C7*24))*'Current Fall Actual'!$D$5:$L$9)) -> 1
A8: MWF 50 min | B8: Mon,Wed,Fri | C8: 0.47916667 | D8: 0.51388889 | E8: =(LEN(B8)-LEN(SUBSTITUTE(B8,",",""))+1)*(MIN(D8,17/24)-MAX(C8,8/24))*24 -> 2.5 | F8: =IFERROR(SUMPRODUCT(ISNUMBER(SEARCH(Forecast!$B$6:$B$10,$B8))*(((((($D8*24)+Forecast!$D$3:$L$3+1-ABS(($D8*24)-Forecast!$D$3:$L$3-1))/2)-((($C8*24)+Forecast!$D$3:$L$3+ABS(($C8*24)-Forecast!$D$3:$L$3))/2))+ABS((((($D8*24)+Forecast!$D$3:$L$3+1-ABS(($D8*24)-Forecast!$D$3:$L$3-1))/2)-((($C8*24)+Forecast!$D$3:$L$3+ABS(($C8*24)-Forecast!$D$3:$L$3))/2))))/2)*Forecast!$D$6:$L$10)/SUMPRODUCT(ISNUMBER(SEARCH(Forecast!$B$6:$B$10,$B8))*(((((($D8*24)+Forecast!$D$3:$L$3+1-ABS(($D8*24)-Forecast!$D$3:$L$3-1))/2)-((($C8*24)+Forecast!$D$3:$L$3+ABS(($C8*24)-Forecast!$D$3:$L$3))/2))+ABS((((($D8*24)+Forecast!$D$3:$L$3+1-ABS(($D8*24)-Forecast!$D$3:$L$3-1))/2)-((($C8*24)+Forecast!$D$3:$L$3+ABS(($C8*24)-Forecast!$D$3:$L$3))/2))))/2)),0) -> 0.525 | G8: =SUMPRODUCT(MAX(ISNUMBER(SEARCH(Forecast!$B$6:$B$10,$B8))*(Forecast!$D$3:$L$3<($D8*24))*(Forecast!$D$3:$L$3+1>($C8*24))*Forecast!$D$6:$L$10)) -> 1 | H8: =IF(AND(F8<=Assumptions!$B$15,G8<=Assumptions!$B$16),"Open",IF(F8<=Assumptions!$B$17,"Check first","Conflict")) -> Conflict | I8: 0 | J8: =IFERROR(SUMPRODUCT(ISNUMBER(SEARCH(Forecast!$B$15:$B$19,$B8))*(((((($D8*24)+Forecast!$D$3:$L$3+1-ABS(($D8*24)-Forecast!$D$3:$L$3-1))/2)-((($C8*24)+Forecast!$D$3:$L$3+ABS(($C8*24)-Forecast!$D$3:$L$3))/2))+ABS((((($D8*24)+Forecast!$D$3:$L$3+1-ABS(($D8*24)-Forecast!$D$3:$L$3-1))/2)-((($C8*24)+Forecast!$D$3:$L$3+ABS(($C8*24)-Forecast!$D$3:$L$3))/2))))/2)*Forecast!$D$15:$L$19)/SUMPRODUCT(ISNUMBER(SEARCH(Forecast!$B$15:$B$19,$B8))*(((((($D8*24)+Forecast!$D$3:$L$3+1-ABS(($D8*24)-Forecast!$D$3:$L$3-1))/2)-((($C8*24)+Forecast!$D$3:$L$3+ABS(($C8*24)-Forecast!$D$3:$L$3))/2))+ABS((((($D8*24)+Forecast!$D$3:$L$3+1-ABS(($D8*24)-Forecast!$D$3:$L$3-1))/2)-((($C8*24)+Forecast!$D$3:$L$3+ABS(($C8*24)-Forecast!$D$3:$L$3))/2))))/2)),0) -> 0.44166667 | K8: =SUMPRODUCT(MAX(ISNUMBER(SEARCH(Forecast!$B$15:$B$19,$B8))*(Forecast!$D$3:$L$3<($D8*24))*(Forecast!$D$3:$L$3+1>($C8*24))*Forecast!$D$15:$L$19)) -> 0.8 | L8: =IF(AND(J8<=Assumptions!$B$15,K8<=Assumptions!$B$16),"Open",IF(J8<=Assumptions!$B$17,"Check first","Conflict")) -> Conflict | M8: 0 | N8: =IFERROR(SUMPRODUCT(ISNUMBER(SEARCH(Forecast!$B$24:$B$28,$B8))*(((((($D8*24)+Forecast!$D$3:$L$3+1-ABS(($D8*24)-Forecast!$D$3:$L$3-1))/2)-((($C8*24)+Forecast!$D$3:$L$3+ABS(($C8*24)-Forecast!$D$3:$L$3))/2))+ABS((((($D8*24)+Forecast!$D$3:$L$3+1-ABS(($D8*24)-Forecast!$D$3:$L$3-1))/2)-((($C8*24)+Forecast!$D$3:$L$3+ABS(($C8*24)-Forecast!$D$3:$L$3))/2))))/2)*Forecast!$D$24:$L$28)/SUMPRODUCT(ISNUMBER(SEARCH(Forecast!$B$24:$B$28,$B8))*(((((($D8*24)+Forecast!$D$3:$L$3+1-ABS(($D8*24)-Forecast!$D$3:$L$3-1))/2)-((($C8*24)+Forecast!$D$3:$L$3+ABS(($C8*24)-Forecast!$D$3:$L$3))/2))+ABS((((($D8*24)+Forecast!$D$3:$L$3+1-ABS(($D8*24)-Forecast!$D$3:$L$3-1))/2)-((($C8*24)+Forecast!$D$3:$L$3+ABS(($C8*24)-Forecast!$D$3:$L$3))/2))))/2)),0) -> 0.42666667 | O8: =SUMPRODUCT(MAX(ISNUMBER(SEARCH(Forecast!$B$24:$B$28,$B8))*(Forecast!$D$3:$L$3<($D8*24))*(Forecast!$D$3:$L$3+1>($C8*24))*Forecast!$D$24:$L$28)) -> 1 | P8: =IF(AND(N8<=Assumptions!$B$15,O8<=Assumptions!$B$16),"Open",IF(N8<=Assumptions!$B$17,"Check first","Conflict")) -> Conflict | Q8: 0 | R8: =IFERROR(SUMPRODUCT(ISNUMBER(SEARCH(Forecast!$B$33:$B$37,$B8))*(((((($D8*24)+Forecast!$D$3:$L$3+1-ABS(($D8*24)-Forecast!$D$3:$L$3-1))/2)-((($C8*24)+Forecast!$D$3:$L$3+ABS(($C8*24)-Forecast!$D$3:$L$3))/2))+ABS((((($D8*24)+Forecast!$D$3:$L$3+1-ABS(($D8*24)-Forecast!$D$3:$L$3-1))/2)-((($C8*24)+Forecast!$D$3:$L$3+ABS(($C8*24)-Forecast!$D$3:$L$3))/2))))/2)*Forecast!$D$33:$L$37)/SUMPRODUCT(ISNUMBER(SEARCH(Forecast!$B$33:$B$37,$B8))*(((((($D8*24)+Forecast!$D$3:$L$3+1-ABS(($D8*24)-Forecast!$D$3:$L$3-1))/2)-((($C8*24)+Forecast!$D$3:$L$3+ABS(($C8*24)-Forecast!$D$3:$L$3))/2))+ABS((((($D8*24)+Forecast!$D$3:$L$3+1-ABS(($D8*24)-Forecast!$D$3:$L$3-1))/2)-((($C8*24)+Forecast!$D$3:$L$3+ABS(($C8*24)-Forecast!$D$3:$L$3))/2))))/2)),0) -> 0.31 | S8: =SUMPRODUCT(MAX(ISNUMBER(SEARCH(Forecast!$B$33:$B$37,$B8))*(Forecast!$D$3:$L$3<($D8*24))*(Forecast!$D$3:$L$3+1>($C8*24))*Forecast!$D$33:$L$37)) -> 0.55 | T8: =IF(AND(R8<=Assumptions!$B$15,S8<=Assumptions!$B$16),"Open",IF(R8<=Assumptions!$B$17,"Check first","Conflict")) -> Check first | U8: 0 | V8: =IFERROR(SUMPRODUCT(ISNUMBER(SEARCH('Current Fall Actual'!$B$5:$B$9,$B8))*(((((($D8*24)+Forecast!$D$3:$L$3+1-ABS(($D8*24)-Forecast!$D$3:$L$3-1))/2)-((($C8*24)+Forecast!$D$3:$L$3+ABS(($C8*24)-Forecast!$D$3:$L$3))/2))+ABS((((($D8*24)+Forecast!$D$3:$L$3+1-ABS(($D8*24)-Forecast!$D$3:$L$3-1))/2)-((($C8*24)+Forecast!$D$3:$L$3+ABS(($C8*24)-Forecast!$D$3:$L$3))/2))))/2)*'Current Fall Actual'!$D$5:$L$9)/SUMPRODUCT(ISNUMBER(SEARCH('Current Fall Actual'!$B$5:$B$9,$B8))*(((((($D8*24)+Forecast!$D$3:$L$3+1-ABS(($D8*24)-Forecast!$D$3:$L$3-1))/2)-((($C8*24)+Forecast!$D$3:$L$3+ABS(($C8*24)-Forecast!$D$3:$L$3))/2))+ABS((((($D8*24)+Forecast!$D$3:$L$3+1-ABS(($D8*24)-Forecast!$D$3:$L$3-1))/2)-((($C8*24)+Forecast!$D$3:$L$3+ABS(($C8*24)-Forecast!$D$3:$L$3))/2))))/2)),0) -> 0.33333333 | W8: =SUMPRODUCT(MAX(ISNUMBER(SEARCH('Current Fall Actual'!$B$5:$B$9,$B8))*(Forecast!$D$3:$L$3<($D8*24))*(Forecast!$D$3:$L$3+1>($C8*24))*'Current Fall Actual'!$D$5:$L$9)) -> 1
A9: MWF 50 min | B9: Mon,Wed,Fri | C9: 0.52083333 | D9: 0.55555556 | E9: =(LEN(B9)-LEN(SUBSTITUTE(B9,",",""))+1)*(MIN(D9,17/24)-MAX(C9,8/24))*24 -> 2.5 | F9: =IFERROR(SUMPRODUCT(ISNUMBER(SEARCH(Forecast!$B$6:$B$10,$B9))*(((((($D9*24)+Forecast!$D$3:$L$3+1-ABS(($D9*24)-Forecast!$D$3:$L$3-1))/2)-((($C9*24)+Forecast!$D$3:$L$3+ABS(($C9*24)-Forecast!$D$3:$L$3))/2))+ABS((((($D9*24)+Forecast!$D$3:$L$3+1-ABS(($D9*24)-Forecast!$D$3:$L$3-1))/2)-((($C9*24)+Forecast!$D$3:$L$3+ABS(($C9*24)-Forecast!$D$3:$L$3))/2))))/2)*Forecast!$D$6:$L$10)/SUMPRODUCT(ISNUMBER(SEARCH(Forecast!$B$6:$B$10,$B9))*(((((($D9*24)+Forecast!$D$3:$L$3+1-ABS(($D9*24)-Forecast!$D$3:$L$3-1))/2)-((($C9*24)+Forecast!$D$3:$L$3+ABS(($C9*24)-Forecast!$D$3:$L$3))/2))+ABS((((($D9*24)+Forecast!$D$3:$L$3+1-ABS(($D9*24)-Forecast!$D$3:$L$3-1))/2)-((($C9*24)+Forecast!$D$3:$L$3+ABS(($C9*24)-Forecast!$D$3:$L$3))/2))))/2)),0) -> 0.66333333 | G9: =SUMPRODUCT(MAX(ISNUMBER(SEARCH(Forecast!$B$6:$B$10,$B9))*(Forecast!$D$3:$L$3<($D9*24))*(Forecast!$D$3:$L$3+1>($C9*24))*Forecast!$D$6:$L$10)) -> 1 | H9: =IF(AND(F9<=Assumptions!$B$15,G9<=Assumptions!$B$16),"Open",IF(F9<=Assumptions!$B$17,"Check first","Conflict")) -> Conflict | I9: 0 | J9: =IFERROR(SUMPRODUCT(ISNUMBER(SEARCH(Forecast!$B$15:$B$19,$B9))*(((((($D9*24)+Forecast!$D$3:$L$3+1-ABS(($D9*24)-Forecast!$D$3:$L$3-1))/2)-((($C9*24)+Forecast!$D$3:$L$3+ABS(($C9*24)-Forecast!$D$3:$L$3))/2))+ABS((((($D9*24)+Forecast!$D$3:$L$3+1-ABS(($D9*24)-Forecast!$D$3:$L$3-1))/2)-((($C9*24)+Forecast!$D$3:$L$3+ABS(($C9*24)-Forecast!$D$3:$L$3))/2))))/2)*Forecast!$D$15:$L$19)/SUMPRODUCT(ISNUMBER(SEARCH(Forecast!$B$15:$B$19,$B9))*(((((($D9*24)+Forecast!$D$3:$L$3+1-ABS(($D9*24)-Forecast!$D$3:$L$3-1))/2)-((($C9*24)+Forecast!$D$3:$L$3+ABS(($C9*24)-Forecast!$D$3:$L$3))/2))+ABS((((($D9*24)+Forecast!$D$3:$L$3+1-ABS(($D9*24)-Forecast!$D$3:$L$3-1))/2)-((($C9*24)+Forecast!$D$3:$L$3+ABS(($C9*24)-Forecast!$D$3:$L$3))/2))))/2)),0) -> 0.67666667 | K9: =SUMPRODUCT(MAX(ISNUMBER(SEARCH(Forecast!$B$15:$B$19,$B9))*(Forecast!$D$3:$L$3<($D9*24))*(Forecast!$D$3:$L$3+1>($C9*24))*Forecast!$D$15:$L$19)) -> 0.8 | L9: =IF(AND(J9<=Assumptions!$B$15,K9<=Assumptions!$B$16),"Open",IF(J9<=Assumptions!$B$17,"Check first","Conflict")) -> Conflict | M9: 0 | N9: =IFERROR(SUMPRODUCT(ISNUMBER(SEARCH(Forecast!$B$24:$B$28,$B9))*(((((($D9*24)+Forecast!$D$3:$L$3+1-ABS(($D9*24)-Forecast!$D$3:$L$3-1))/2)-((($C9*24)+Forecast!$D$3:$L$3+ABS(($C9*24)-Forecast!$D$3:$L$3))/2))+ABS((((($D9*24)+Forecast!$D$3:$L$3+1-ABS(($D9*24)-Forecast!$D$3:$L$3-1))/2)-((($C9*24)+Forecast!$D$3:$L$3+ABS(($C9*24)-Forecast!$D$3:$L$3))/2))))/2)*Forecast!$D$24:$L$28)/SUMPRODUCT(ISNUMBER(SEARCH(Forecast!$B$24:$B$28,$B9))*(((((($D9*24)+Forecast!$D$3:$L$3+1-ABS(($D9*24)-Forecast!$D$3:$L$3-1))/2)-((($C9*24)+Forecast!$D$3:$L$3+ABS(($C9*24)-Forecast!$D$3:$L$3))/2))+ABS((((($D9*24)+Forecast!$D$3:$L$3+1-ABS(($D9*24)-Forecast!$D$3:$L$3-1))/2)-((($C9*24)+Forecast!$D$3:$L$3+ABS(($C9*24)-Forecast!$D$3:$L$3))/2))))/2)),0) -> 0.51666667 | O9: =SUMPRODUCT(MAX(ISNUMBER(SEARCH(Forecast!$B$24:$B$28,$B9))*(Forecast!$D$3:$L$3<($D9*24))*(Forecast!$D$3:$L$3+1>($C9*24))*Forecast!$D$24:$L$28)) -> 1 | P9: =IF(AND(N9<=Assumptions!$B$15,O9<=Assumptions!$B$16),"Open",IF(N9<=Assumptions!$B$17,"Check first","Conflict")) -> Conflict | Q9: 0 | R9: =IFERROR(SUMPRODUCT(ISNUMBER(SEARCH(Forecast!$B$33:$B$37,$B9))*(((((($D9*24)+Forecast!$D$3:$L$3+1-ABS(($D9*24)-Forecast!$D$3:$L$3-1))/2)-((($C9*24)+Forecast!$D$3:$L$3+ABS(($C9*24)-Forecast!$D$3:$L$3))/2))+ABS((((($D9*24)+Forecast!$D$3:$L$3+1-ABS(($D9*24)-Forecast!$D$3:$L$3-1))/2)-((($C9*24)+Forecast!$D$3:$L$3+ABS(($C9*24)-Forecast!$D$3:$L$3))/2))))/2)*Forecast!$D$33:$L$37)/SUMPRODUCT(ISNUMBER(SEARCH(Forecast!$B$33:$B$37,$B9))*(((((($D9*24)+Forecast!$D$3:$L$3+1-ABS(($D9*24)-Forecast!$D$3:$L$3-1))/2)-((($C9*24)+Forecast!$D$3:$L$3+ABS(($C9*24)-Forecast!$D$3:$L$3))/2))+ABS((((($D9*24)+Forecast!$D$3:$L$3+1-ABS(($D9*24)-Forecast!$D$3:$L$3-1))/2)-((($C9*24)+Forecast!$D$3:$L$3+ABS(($C9*24)-Forecast!$D$3:$L$3))/2))))/2)),0) -> 0.30333333 | S9: =SUMPRODUCT(MAX(ISNUMBER(SEARCH(Forecast!$B$33:$B$37,$B9))*(Forecast!$D$3:$L$3<($D9*24))*(Forecast!$D$3:$L$3+1>($C9*24))*Forecast!$D$33:$L$37)) -> 0.55 | T9: =IF(AND(R9<=Assumptions!$B$15,S9<=Assumptions!$B$16),"Open",IF(R9<=Assumptions!$B$17,"Check first","Conflict")) -> Check first | U9: 1 | V9: =IFERROR(SUMPRODUCT(ISNUMBER(SEARCH('Current Fall Actual'!$B$5:$B$9,$B9))*(((((($D9*24)+Forecast!$D$3:$L$3+1-ABS(($D9*24)-Forecast!$D$3:$L$3-1))/2)-((($C9*24)+Forecast!$D$3:$L$3+ABS(($C9*24)-Forecast!$D$3:$L$3))/2))+ABS((((($D9*24)+Forecast!$D$3:$L$3+1-ABS(($D9*24)-Forecast!$D$3:$L$3-1))/2)-((($C9*24)+Forecast!$D$3:$L$3+ABS(($C9*24)-Forecast!$D$3:$L$3))/2))))/2)*'Current Fall Actual'!$D$5:$L$9)/SUMPRODUCT(ISNUMBER(SEARCH('Current Fall Actual'!$B$5:$B$9,$B9))*(((((($D9*24)+Forecast!$D$3:$L$3+1-ABS(($D9*24)-Forecast!$D$3:$L$3-1))/2)-((($C9*24)+Forecast!$D$3:$L$3+ABS(($C9*24)-Forecast!$D$3:$L$3))/2))+ABS((((($D9*24)+Forecast!$D$3:$L$3+1-ABS(($D9*24)-Forecast!$D$3:$L$3-1))/2)-((($C9*24)+Forecast!$D$3:$L$3+ABS(($C9*24)-Forecast!$D$3:$L$3))/2))))/2)),0) -> 0.61666667 | W9: =SUMPRODUCT(MAX(ISNUMBER(SEARCH('Current Fall Actual'!$B$5:$B$9,$B9))*(Forecast!$D$3:$L$3<($D9*24))*(Forecast!$D$3:$L$3+1>($C9*24))*'Current Fall Actual'!$D$5:$L$9)) -> 1
A10: MWF 50 min | B10: Mon,Wed,Fri | C10: 0.5625 | D10: 0.59722222 | E10: =(LEN(B10)-LEN(SUBSTITUTE(B10,",",""))+1)*(MIN(D10,17/24)-MAX(C10,8/24))*24 -> 2.5 | F10: =IFERROR(SUMPRODUCT(ISNUMBER(SEARCH(Forecast!$B$6:$B$10,$B10))*(((((($D10*24)+Forecast!$D$3:$L$3+1-ABS(($D10*24)-Forecast!$D$3:$L$3-1))/2)-((($C10*24)+Forecast!$D$3:$L$3+ABS(($C10*24)-Forecast!$D$3:$L$3))/2))+ABS((((($D10*24)+Forecast!$D$3:$L$3+1-ABS(($D10*24)-Forecast!$D$3:$L$3-1))/2)-((($C10*24)+Forecast!$D$3:$L$3+ABS(($C10*24)-Forecast!$D$3:$L$3))/2))))/2)*Forecast!$D$6:$L$10)/SUMPRODUCT(ISNUMBER(SEARCH(Forecast!$B$6:$B$10,$B10))*(((((($D10*24)+Forecast!$D$3:$L$3+1-ABS(($D10*24)-Forecast!$D$3:$L$3-1))/2)-((($C10*24)+Forecast!$D$3:$L$3+ABS(($C10*24)-Forecast!$D$3:$L$3))/2))+ABS((((($D10*24)+Forecast!$D$3:$L$3+1-ABS(($D10*24)-Forecast!$D$3:$L$3-1))/2)-((($C10*24)+Forecast!$D$3:$L$3+ABS(($C10*24)-Forecast!$D$3:$L$3))/2))))/2)),0) -> 0.21166667 | G10: =SUMPRODUCT(MAX(ISNUMBER(SEARCH(Forecast!$B$6:$B$10,$B10))*(Forecast!$D$3:$L$3<($D10*24))*(Forecast!$D$3:$L$3+1>($C10*24))*Forecast!$D$6:$L$10)) -> 0.5 | H10: =IF(AND(F10<=Assumptions!$B$15,G10<=Assumptions!$B$16),"Open",IF(F10<=Assumptions!$B$17,"Check first","Conflict")) -> Check first | I10: 1 | J10: =IFERROR(SUMPRODUCT(ISNUMBER(SEARCH(Forecast!$B$15:$B$19,$B10))*(((((($D10*24)+Forecast!$D$3:$L$3+1-ABS(($D10*24)-Forecast!$D$3:$L$3-1))/2)-((($C10*24)+Forecast!$D$3:$L$3+ABS(($C10*24)-Forecast!$D$3:$L$3))/2))+ABS((((($D10*24)+Forecast!$D$3:$L$3+1-ABS(($D10*24)-Forecast!$D$3:$L$3-1))/2)-((($C10*24)+Forecast!$D$3:$L$3+ABS(($C10*24)-Forecast!$D$3:$L$3))/2))))/2)*Forecast!$D$15:$L$19)/SUMPRODUCT(ISNUMBER(SEARCH(Forecast!$B$15:$B$19,$B10))*(((((($D10*24)+Forecast!$D$3:$L$3+1-ABS(($D10*24)-Forecast!$D$3:$L$3-1))/2)-((($C10*24)+Forecast!$D$3:$L$3+ABS(($C10*24)-Forecast!$D$3:$L$3))/2))+ABS((((($D10*24)+Forecast!$D$3:$L$3+1-ABS(($D10*24)-Forecast!$D$3:$L$3-1))/2)-((($C10*24)+Forecast!$D$3:$L$3+ABS(($C10*24)-Forecast!$D$3:$L$3))/2))))/2)),0) -> 0.47611111 | K10: =SUMPRODUCT(MAX(ISNUMBER(SEARCH(Forecast!$B$15:$B$19,$B10))*(Forecast!$D$3:$L$3<($D10*24))*(Forecast!$D$3:$L$3+1>($C10*24))*Forecast!$D$15:$L$19)) -> 0.575 | L10: =IF(AND(J10<=Assumptions!$B$15,K10<=Assumptions!$B$16),"Open",IF(J10<=Assumptions!$B$17,"Check first","Conflict")) -> Conflict | M10: 0 | N10: =IFERROR(SUMPRODUCT(ISNUMBER(SEARCH(Forecast!$B$24:$B$28,$B10))*(((((($D10*24)+Forecast!$D$3:$L$3+1-ABS(($D10*24)-Forecast!$D$3:$L$3-1))/2)-((($C10*24)+Forecast!$D$3:$L$3+ABS(($C10*24)-Forecast!$D$3:$L$3))/2))+ABS((((($D10*24)+Forecast!$D$3:$L$3+1-ABS(($D10*24)-Forecast!$D$3:$L$3-1))/2)-((($C10*24)+Forecast!$D$3:$L$3+ABS(($C10*24)-Forecast!$D$3:$L$3))/2))))/2)*Forecast!$D$24:$L$28)/SUMPRODUCT(ISNUMBER(SEARCH(Forecast!$B$24:$B$28,$B10))*(((((($D10*24)+Forecast!$D$3:$L$3+1-ABS(($D10*24)-Forecast!$D$3:$L$3-1))/2)-((($C10*24)+Forecast!$D$3:$L$3+ABS(($C10*24)-Forecast!$D$3:$L$3))/2))+ABS((((($D10*24)+Forecast!$D$3:$L$3+1-ABS(($D10*24)-Forecast!$D$3:$L$3-1))/2)-((($C10*24)+Forecast!$D$3:$L$3+ABS(($C10*24)-Forecast!$D$3:$L$3))/2))))/2)),0) -> 0.235 | O10: =SUMPRODUCT(MAX(ISNUMBER(SEARCH(Forecast!$B$24:$B$28,$B10))*(Forecast!$D$3:$L$3<($D10*24))*(Forecast!$D$3:$L$3+1>($C10*24))*Forecast!$D$24:$L$28)) -> 0.625 | P10: =IF(AND(N10<=Assumptions!$B$15,O10<=Assumptions!$B$16),"Open",IF(N10<=Assumptions!$B$17,"Check first","Conflict")) -> Check first | Q10: 1 | R10: =IFERROR(SUMPRODUCT(ISNUMBER(SEARCH(Forecast!$B$33:$B$37,$B10))*(((((($D10*24)+Forecast!$D$3:$L$3+1-ABS(($D10*24)-Forecast!$D$3:$L$3-1))/2)-((($C10*24)+Forecast!$D$3:$L$3+ABS(($C10*24)-Forecast!$D$3:$L$3))/2))+ABS((((($D10*24)+Forecast!$D$3:$L$3+1-ABS(($D10*24)-Forecast!$D$3:$L$3-1))/2)-((($C10*24)+Forecast!$D$3:$L$3+ABS(($C10*24)-Forecast!$D$3:$L$3))/2))))/2)*Forecast!$D$33:$L$37)/SUMPRODUCT(ISNUMBER(SEARCH(Forecast!$B$33:$B$37,$B10))*(((((($D10*24)+Forecast!$D$3:$L$3+1-ABS(($D10*24)-Forecast!$D$3:$L$3-1))/2)-((($C10*24)+Forecast!$D$3:$L$3+ABS(($C10*24)-Forecast!$D$3:$L$3))/2))+ABS((((($D10*24)+Forecast!$D$3:$L$3+1-ABS(($D10*24)-Forecast!$D$3:$L$3-1))/2)-((($C10*24)+Forecast!$D$3:$L$3+ABS(($C10*24)-Forecast!$D$3:$L$3))/2))))/2)),0) -> 0.17333333 | S10: =SUMPRODUCT(MAX(ISNUMBER(SEARCH(Forecast!$B$33:$B$37,$B10))*(Forecast!$D$3:$L$3<($D10*24))*(Forecast!$D$3:$L$3+1>($C10*24))*Forecast!$D$33:$L$37)) -> 0.3 | T10: =IF(AND(R10<=Assumptions!$B$15,S10<=Assumptions!$B$16),"Open",IF(R10<=Assumptions!$B$17,"Check first","Conflict")) -> Open | U10: 0 | V10: =IFERROR(SUMPRODUCT(ISNUMBER(SEARCH('Current Fall Actual'!$B$5:$B$9,$B10))*(((((($D10*24)+Forecast!$D$3:$L$3+1-ABS(($D10*24)-Forecast!$D$3:$L$3-1))/2)-((($C10*24)+Forecast!$D$3:$L$3+ABS(($C10*24)-Forecast!$D$3:$L$3))/2))+ABS((((($D10*24)+Forecast!$D$3:$L$3+1-ABS(($D10*24)-Forecast!$D$3:$L$3-1))/2)-((($C10*24)+Forecast!$D$3:$L$3+ABS(($C10*24)-Forecast!$D$3:$L$3))/2))))/2)*'Current Fall Actual'!$D$5:$L$9)/SUMPRODUCT(ISNUMBER(SEARCH('Current Fall Actual'!$B$5:$B$9,$B10))*(((((($D10*24)+Forecast!$D$3:$L$3+1-ABS(($D10*24)-Forecast!$D$3:$L$3-1))/2)-((($C10*24)+Forecast!$D$3:$L$3+ABS(($C10*24)-Forecast!$D$3:$L$3))/2))+ABS((((($D10*24)+Forecast!$D$3:$L$3+1-ABS(($D10*24)-Forecast!$D$3:$L$3-1))/2)-((($C10*24)+Forecast!$D$3:$L$3+ABS(($C10*24)-Forecast!$D$3:$L$3))/2))))/2)),0) -> 0.54444444 | W10: =SUMPRODUCT(MAX(ISNUMBER(SEARCH('Current Fall Actual'!$B$5:$B$9,$B10))*(Forecast!$D$3:$L$3<($D10*24))*(Forecast!$D$3:$L$3+1>($C10*24))*'Current Fall Actual'!$D$5:$L$9)) -> 1
A11: MWF 50 min | B11: Mon,Wed,Fri | C11: 0.60416667 | D11: 0.63888889 | E11: =(LEN(B11)-LEN(SUBSTITUTE(B11,",",""))+1)*(MIN(D11,17/24)-MAX(C11,8/24))*24 -> 2.5 | F11: =IFERROR(SUMPRODUCT(ISNUMBER(SEARCH(Forecast!$B$6:$B$10,$B11))*(((((($D11*24)+Forecast!$D$3:$L$3+1-ABS(($D11*24)-Forecast!$D$3:$L$3-1))/2)-((($C11*24)+Forecast!$D$3:$L$3+ABS(($C11*24)-Forecast!$D$3:$L$3))/2))+ABS((((($D11*24)+Forecast!$D$3:$L$3+1-ABS(($D11*24)-Forecast!$D$3:$L$3-1))/2)-((($C11*24)+Forecast!$D$3:$L$3+ABS(($C11*24)-Forecast!$D$3:$L$3))/2))))/2)*Forecast!$D$6:$L$10)/SUMPRODUCT(ISNUMBER(SEARCH(Forecast!$B$6:$B$10,$B11))*(((((($D11*24)+Forecast!$D$3:$L$3+1-ABS(($D11*24)-Forecast!$D$3:$L$3-1))/2)-((($C11*24)+Forecast!$D$3:$L$3+ABS(($C11*24)-Forecast!$D$3:$L$3))/2))+ABS((((($D11*24)+Forecast!$D$3:$L$3+1-ABS(($D11*24)-Forecast!$D$3:$L$3-1))/2)-((($C11*24)+Forecast!$D$3:$L$3+ABS(($C11*24)-Forecast!$D$3:$L$3))/2))))/2)),0) -> 0.26666667 | G11: =SUMPRODUCT(MAX(ISNUMBER(SEARCH(Forecast!$B$6:$B$10,$B11))*(Forecast!$D$3:$L$3<($D11*24))*(Forecast!$D$3:$L$3+1>($C11*24))*Forecast!$D$6:$L$10)) -> 0.75 | H11: =IF(AND(F11<=Assumptions!$B$15,G11<=Assumptions!$B$16),"Open",IF(F11<=Assumptions!$B$17,"Check first","Conflict")) -> Check first | I11: 1 | J11: =IFERROR(SUMPRODUCT(ISNUMBER(SEARCH(Forecast!$B$15:$B$19,$B11))*(((((($D11*24)+Forecast!$D$3:$L$3+1-ABS(($D11*24)-Forecast!$D$3:$L$3-1))/2)-((($C11*24)+Forecast!$D$3:$L$3+ABS(($C11*24)-Forecast!$D$3:$L$3))/2))+ABS((((($D11*24)+Forecast!$D$3:$L$3+1-ABS(($D11*24)-Forecast!$D$3:$L$3-1))/2)-((($C11*24)+Forecast!$D$3:$L$3+ABS(($C11*24)-Forecast!$D$3:$L$3))/2))))/2)*Forecast!$D$15:$L$19)/SUMPRODUCT(ISNUMBER(SEARCH(Forecast!$B$15:$B$19,$B11))*(((((($D11*24)+Forecast!$D$3:$L$3+1-ABS(($D11*24)-Forecast!$D$3:$L$3-1))/2)-((($C11*24)+Forecast!$D$3:$L$3+ABS(($C11*24)-Forecast!$D$3:$L$3))/2))+ABS((((($D11*24)+Forecast!$D$3:$L$3+1-ABS(($D11*24)-Forecast!$D$3:$L$3-1))/2)-((($C11*24)+Forecast!$D$3:$L$3+ABS(($C11*24)-Forecast!$D$3:$L$3))/2))))/2)),0) -> 0.42666667 | K11: =SUMPRODUCT(MAX(ISNUMBER(SEARCH(Forecast!$B$15:$B$19,$B11))*(Forecast!$D$3:$L$3<($D11*24))*(Forecast!$D$3:$L$3+1>($C11*24))*Forecast!$D$15:$L$19)) -> 0.75 | L11: =IF(AND(J11<=Assumptions!$B$15,K11<=Assumptions!$B$16),"Open",IF(J11<=Assumptions!$B$17,"Check first","Conflict")) -> Conflict | M11: 0 | N11: =IFERROR(SUMPRODUCT(ISNUMBER(SEARCH(Forecast!$B$24:$B$28,$B11))*(((((($D11*24)+Forecast!$D$3:$L$3+1-ABS(($D11*24)-Forecast!$D$3:$L$3-1))/2)-((($C11*24)+Forecast!$D$3:$L$3+ABS(($C11*24)-Forecast!$D$3:$L$3))/2))+ABS((((($D11*24)+Forecast!$D$3:$L$3+1-ABS(($D11*24)-Forecast!$D$3:$L$3-1))/2)-((($C11*24)+Forecast!$D$3:$L$3+ABS(($C11*24)-Forecast!$D$3:$L$3))/2))))/2)*Forecast!$D$24:$L$28)/SUMPRODUCT(ISNUMBER(SEARCH(Forecast!$B$24:$B$28,$B11))*(((((($D11*24)+Forecast!$D$3:$L$3+1-ABS(($D11*24)-Forecast!$D$3:$L$3-1))/2)-((($C11*24)+Forecast!$D$3:$L$3+ABS(($C11*24)-Forecast!$D$3:$L$3))/2))+ABS((((($D11*24)+Forecast!$D$3:$L$3+1-ABS(($D11*24)-Forecast!$D$3:$L$3-1))/2)-((($C11*24)+Forecast!$D$3:$L$3+ABS(($C11*24)-Forecast!$D$3:$L$3))/2))))/2)),0) -> 0.29 | O11: =SUMPRODUCT(MAX(ISNUMBER(SEARCH(Forecast!$B$24:$B$28,$B11))*(Forecast!$D$3:$L$3<($D11*24))*(Forecast!$D$3:$L$3+1>($C11*24))*Forecast!$D$24:$L$28)) -> 0.75 | P11: =IF(AND(N11<=Assumptions!$B$15,O11<=Assumptions!$B$16),"Open",IF(N11<=Assumptions!$B$17,"Check first","Conflict")) -> Check first | Q11: 1 | R11: =IFERROR(SUMPRODUCT(ISNUMBER(SEARCH(Forecast!$B$33:$B$37,$B11))*(((((($D11*24)+Forecast!$D$3:$L$3+1-ABS(($D11*24)-Forecast!$D$3:$L$3-1))/2)-((($C11*24)+Forecast!$D$3:$L$3+ABS(($C11*24)-Forecast!$D$3:$L$3))/2))+ABS((((($D11*24)+Forecast!$D$3:$L$3+1-ABS(($D11*24)-Forecast!$D$3:$L$3-1))/2)-((($C11*24)+Forecast!$D$3:$L$3+ABS(($C11*24)-Forecast!$D$3:$L$3))/2))))/2)*Forecast!$D$33:$L$37)/SUMPRODUCT(ISNUMBER(SEARCH(Forecast!$B$33:$B$37,$B11))*(((((($D11*24)+Forecast!$D$3:$L$3+1-ABS(($D11*24)-Forecast!$D$3:$L$3-1))/2)-((($C11*24)+Forecast!$D$3:$L$3+ABS(($C11*24)-Forecast!$D$3:$L$3))/2))+ABS((((($D11*24)+Forecast!$D$3:$L$3+1-ABS(($D11*24)-Forecast!$D$3:$L$3-1))/2)-((($C11*24)+Forecast!$D$3:$L$3+ABS(($C11*24)-Forecast!$D$3:$L$3))/2))))/2)),0) -> 0.16333333 | S11: =SUMPRODUCT(MAX(ISNUMBER(SEARCH(Forecast!$B$33:$B$37,$B11))*(Forecast!$D$3:$L$3<($D11*24))*(Forecast!$D$3:$L$3+1>($C11*24))*Forecast!$D$33:$L$37)) -> 0.4 | T11: =IF(AND(R11<=Assumptions!$B$15,S11<=Assumptions!$B$16),"Open",IF(R11<=Assumptions!$B$17,"Check first","Conflict")) -> Open | U11: 0 | V11: =IFERROR(SUMPRODUCT(ISNUMBER(SEARCH('Current Fall Actual'!$B$5:$B$9,$B11))*(((((($D11*24)+Forecast!$D$3:$L$3+1-ABS(($D11*24)-Forecast!$D$3:$L$3-1))/2)-((($C11*24)+Forecast!$D$3:$L$3+ABS(($C11*24)-Forecast!$D$3:$L$3))/2))+ABS((((($D11*24)+Forecast!$D$3:$L$3+1-ABS(($D11*24)-Forecast!$D$3:$L$3-1))/2)-((($C11*24)+Forecast!$D$3:$L$3+ABS(($C11*24)-Forecast!$D$3:$L$3))/2))))/2)*'Current Fall Actual'!$D$5:$L$9)/SUMPRODUCT(ISNUMBER(SEARCH('Current Fall Actual'!$B$5:$B$9,$B11))*(((((($D11*24)+Forecast!$D$3:$L$3+1-ABS(($D11*24)-Forecast!$D$3:$L$3-1))/2)-((($C11*24)+Forecast!$D$3:$L$3+ABS(($C11*24)-Forecast!$D$3:$L$3))/2))+ABS((((($D11*24)+Forecast!$D$3:$L$3+1-ABS(($D11*24)-Forecast!$D$3:$L$3-1))/2)-((($C11*24)+Forecast!$D$3:$L$3+ABS(($C11*24)-Forecast!$D$3:$L$3))/2))))/2)),0) -> 0.28333333 | W11: =SUMPRODUCT(MAX(ISNUMBER(SEARCH('Current Fall Actual'!$B$5:$B$9,$B11))*(Forecast!$D$3:$L$3<($D11*24))*(Forecast!$D$3:$L$3+1>($C11*24))*'Current Fall Actual'!$D$5:$L$9)) -> 1
A12: MWF 50 min | B12: Mon,Wed,Fri | C12: 0.64583333 | D12: 0.68055556 | E12: =(LEN(B12)-LEN(SUBSTITUTE(B12,",",""))+1)*(MIN(D12,17/24)-MAX(C12,8/24))*24 -> 2.5 | F12: =IFERROR(SUMPRODUCT(ISNUMBER(SEARCH(Forecast!$B$6:$B$10,$B12))*(((((($D12*24)+Forecast!$D$3:$L$3+1-ABS(($D12*24)-Forecast!$D$3:$L$3-1))/2)-((($C12*24)+Forecast!$D$3:$L$3+ABS(($C12*24)-Forecast!$D$3:$L$3))/2))+ABS((((($D12*24)+Forecast!$D$3:$L$3+1-ABS(($D12*24)-Forecast!$D$3:$L$3-1))/2)-((($C12*24)+Forecast!$D$3:$L$3+ABS(($C12*24)-Forecast!$D$3:$L$3))/2))))/2)*Forecast!$D$6:$L$10)/SUMPRODUCT(ISNUMBER(SEARCH(Forecast!$B$6:$B$10,$B12))*(((((($D12*24)+Forecast!$D$3:$L$3+1-ABS(($D12*24)-Forecast!$D$3:$L$3-1))/2)-((($C12*24)+Forecast!$D$3:$L$3+ABS(($C12*24)-Forecast!$D$3:$L$3))/2))+ABS((((($D12*24)+Forecast!$D$3:$L$3+1-ABS(($D12*24)-Forecast!$D$3:$L$3-1))/2)-((($C12*24)+Forecast!$D$3:$L$3+ABS(($C12*24)-Forecast!$D$3:$L$3))/2))))/2)),0) -> 0.7 | G12: =SUMPRODUCT(MAX(ISNUMBER(SEARCH(Forecast!$B$6:$B$10,$B12))*(Forecast!$D$3:$L$3<($D12*24))*(Forecast!$D$3:$L$3+1>($C12*24))*Forecast!$D$6:$L$10)) -> 1 | H12: =IF(AND(F12<=Assumptions!$B$15,G12<=Assumptions!$B$16),"Open",IF(F12<=Assumptions!$B$17,"Check first","Conflict")) -> Conflict | I12: 0 | J12: =IFERROR(SUMPRODUCT(ISNUMBER(SEARCH(Forecast!$B$15:$B$19,$B12))*(((((($D12*24)+Forecast!$D$3:$L$3+1-ABS(($D12*24)-Forecast!$D$3:$L$3-1))/2)-((($C12*24)+Forecast!$D$3:$L$3+ABS(($C12*24)-Forecast!$D$3:$L$3))/2))+ABS((((($D12*24)+Forecast!$D$3:$L$3+1-ABS(($D12*24)-Forecast!$D$3:$L$3-1))/2)-((($C12*24)+Forecast!$D$3:$L$3+ABS(($C12*24)-Forecast!$D$3:$L$3))/2))))/2)*Forecast!$D$15:$L$19)/SUMPRODUCT(ISNUMBER(SEARCH(Forecast!$B$15:$B$19,$B12))*(((((($D12*24)+Forecast!$D$3:$L$3+1-ABS(($D12*24)-Forecast!$D$3:$L$3-1))/2)-((($C12*24)+Forecast!$D$3:$L$3+ABS(($C12*24)-Forecast!$D$3:$L$3))/2))+ABS((((($D12*24)+Forecast!$D$3:$L$3+1-ABS(($D12*24)-Forecast!$D$3:$L$3-1))/2)-((($C12*24)+Forecast!$D$3:$L$3+ABS(($C12*24)-Forecast!$D$3:$L$3))/2))))/2)),0) -> 0.63333333 | K12: =SUMPRODUCT(MAX(ISNUMBER(SEARCH(Forecast!$B$15:$B$19,$B12))*(Forecast!$D$3:$L$3<($D12*24))*(Forecast!$D$3:$L$3+1>($C12*24))*Forecast!$D$15:$L$19)) -> 1 | L12: =IF(AND(J12<=Assumptions!$B$15,K12<=Assumptions!$B$16),"Open",IF(J12<=Assumptions!$B$17,"Check first","Conflict")) -> Conflict | M12: 0 | N12: =IFERROR(SUMPRODUCT(ISNUMBER(SEARCH(Forecast!$B$24:$B$28,$B12))*(((((($D12*24)+Forecast!$D$3:$L$3+1-ABS(($D12*24)-Forecast!$D$3:$L$3-1))/2)-((($C12*24)+Forecast!$D$3:$L$3+ABS(($C12*24)-Forecast!$D$3:$L$3))/2))+ABS((((($D12*24)+Forecast!$D$3:$L$3+1-ABS(($D12*24)-Forecast!$D$3:$L$3-1))/2)-((($C12*24)+Forecast!$D$3:$L$3+ABS(($C12*24)-Forecast!$D$3:$L$3))/2))))/2)*Forecast!$D$24:$L$28)/SUMPRODUCT(ISNUMBER(SEARCH(Forecast!$B$24:$B$28,$B12))*(((((($D12*24)+Forecast!$D$3:$L$3+1-ABS(($D12*24)-Forecast!$D$3:$L$3-1))/2)-((($C12*24)+Forecast!$D$3:$L$3+ABS(($C12*24)-Forecast!$D$3:$L$3))/2))+ABS((((($D12*24)+Forecast!$D$3:$L$3+1-ABS(($D12*24)-Forecast!$D$3:$L$3-1))/2)-((($C12*24)+Forecast!$D$3:$L$3+ABS(($C12*24)-Forecast!$D$3:$L$3))/2))))/2)),0) -> 0.63333333 | O12: =SUMPRODUCT(MAX(ISNUMBER(SEARCH(Forecast!$B$24:$B$28,$B12))*(Forecast!$D$3:$L$3<($D12*24))*(Forecast!$D$3:$L$3+1>($C12*24))*Forecast!$D$24:$L$28)) -> 1 | P12: =IF(AND(N12<=Assumptions!$B$15,O12<=Assumptions!$B$16),"Open",IF(N12<=Assumptions!$B$17,"Check first","Conflict")) -> Conflict | Q12: 0 | R12: =IFERROR(SUMPRODUCT(ISNUMBER(SEARCH(Forecast!$B$33:$B$37,$B12))*(((((($D12*24)+Forecast!$D$3:$L$3+1-ABS(($D12*24)-Forecast!$D$3:$L$3-1))/2)-((($C12*24)+Forecast!$D$3:$L$3+ABS(($C12*24)-Forecast!$D$3:$L$3))/2))+ABS((((($D12*24)+Forecast!$D$3:$L$3+1-ABS(($D12*24)-Forecast!$D$3:$L$3-1))/2)-((($C12*24)+Forecast!$D$3:$L$3+ABS(($C12*24)-Forecast!$D$3:$L$3))/2))))/2)*Forecast!$D$33:$L$37)/SUMPRODUCT(ISNUMBER(SEARCH(Forecast!$B$33:$B$37,$B12))*(((((($D12*24)+Forecast!$D$3:$L$3+1-ABS(($D12*24)-Forecast!$D$3:$L$3-1))/2)-((($C12*24)+Forecast!$D$3:$L$3+ABS(($C12*24)-Forecast!$D$3:$L$3))/2))+ABS((((($D12*24)+Forecast!$D$3:$L$3+1-ABS(($D12*24)-Forecast!$D$3:$L$3-1))/2)-((($C12*24)+Forecast!$D$3:$L$3+ABS(($C12*24)-Forecast!$D$3:$L$3))/2))))/2)),0) -> 0.31666667 | S12: =SUMPRODUCT(MAX(ISNUMBER(SEARCH(Forecast!$B$33:$B$37,$B12))*(Forecast!$D$3:$L$3<($D12*24))*(Forecast!$D$3:$L$3+1>($C12*24))*Forecast!$D$33:$L$37)) -> 0.8 | T12: =IF(AND(R12<=Assumptions!$B$15,S12<=Assumptions!$B$16),"Open",IF(R12<=Assumptions!$B$17,"Check first","Conflict")) -> Check first | U12: 0 | V12: =IFERROR(SUMPRODUCT(ISNUMBER(SEARCH('Current Fall Actual'!$B$5:$B$9,$B12))*(((((($D12*24)+Forecast!$D$3:$L$3+1-ABS(($D12*24)-Forecast!$D$3:$L$3-1))/2)-((($C12*24)+Forecast!$D$3:$L$3+ABS(($C12*24)-Forecast!$D$3:$L$3))/2))+ABS((((($D12*24)+Forecast!$D$3:$L$3+1-ABS(($D12*24)-Forecast!$D$3:$L$3-1))/2)-((($C12*24)+Forecast!$D$3:$L$3+ABS(($C12*24)-Forecast!$D$3:$L$3))/2))))/2)*'Current Fall Actual'!$D$5:$L$9)/SUMPRODUCT(ISNUMBER(SEARCH('Current Fall Actual'!$B$5:$B$9,$B12))*(((((($D12*24)+Forecast!$D$3:$L$3+1-ABS(($D12*24)-Forecast!$D$3:$L$3-1))/2)-((($C12*24)+Forecast!$D$3:$L$3+ABS(($C12*24)-Forecast!$D$3:$L$3))/2))+ABS((((($D12*24)+Forecast!$D$3:$L$3+1-ABS(($D12*24)-Forecast!$D$3:$L$3-1))/2)-((($C12*24)+Forecast!$D$3:$L$3+ABS(($C12*24)-Forecast!$D$3:$L$3))/2))))/2)),0) -> 0.23333333 | W12: =SUMPRODUCT(MAX(ISNUMBER(SEARCH('Current Fall Actual'!$B$5:$B$9,$B12))*(Forecast!$D$3:$L$3<($D12*24))*(Forecast!$D$3:$L$3+1>($C12*24))*'Current Fall Actual'!$D$5:$L$9)) -> 1
A13: MWF 50 min | B13: Mon,Wed,Fri | C13: 0.6875 | D13: 0.72222222 | E13: =(LEN(B13)-LEN(SUBSTITUTE(B13,",",""))+1)*(MIN(D13,17/24)-MAX(C13,8/24))*24 -> 1.5 | F13: =IFERROR(SUMPRODUCT(ISNUMBER(SEARCH(Forecast!$B$6:$B$10,$B13))*(((((($D13*24)+Forecast!$D$3:$L$3+1-ABS(($D13*24)-Forecast!$D$3:$L$3-1))/2)-((($C13*24)+Forecast!$D$3:$L$3+ABS(($C13*24)-Forecast!$D$3:$L$3))/2))+ABS((((($D13*24)+Forecast!$D$3:$L$3+1-ABS(($D13*24)-Forecast!$D$3:$L$3-1))/2)-((($C13*24)+Forecast!$D$3:$L$3+ABS(($C13*24)-Forecast!$D$3:$L$3))/2))))/2)*Forecast!$D$6:$L$10)/SUMPRODUCT(ISNUMBER(SEARCH(Forecast!$B$6:$B$10,$B13))*(((((($D13*24)+Forecast!$D$3:$L$3+1-ABS(($D13*24)-Forecast!$D$3:$L$3-1))/2)-((($C13*24)+Forecast!$D$3:$L$3+ABS(($C13*24)-Forecast!$D$3:$L$3))/2))+ABS((((($D13*24)+Forecast!$D$3:$L$3+1-ABS(($D13*24)-Forecast!$D$3:$L$3-1))/2)-((($C13*24)+Forecast!$D$3:$L$3+ABS(($C13*24)-Forecast!$D$3:$L$3))/2))))/2)),0) -> 0.9 | G13: =SUMPRODUCT(MAX(ISNUMBER(SEARCH(Forecast!$B$6:$B$10,$B13))*(Forecast!$D$3:$L$3<($D13*24))*(Forecast!$D$3:$L$3+1>($C13*24))*Forecast!$D$6:$L$10)) -> 1 | H13: =IF(AND(F13<=Assumptions!$B$15,G13<=Assumptions!$B$16),"Open",IF(F13<=Assumptions!$B$17,"Check first","Conflict")) -> Conflict | I13: 0 | J13: =IFERROR(SUMPRODUCT(ISNUMBER(SEARCH(Forecast!$B$15:$B$19,$B13))*(((((($D13*24)+Forecast!$D$3:$L$3+1-ABS(($D13*24)-Forecast!$D$3:$L$3-1))/2)-((($C13*24)+Forecast!$D$3:$L$3+ABS(($C13*24)-Forecast!$D$3:$L$3))/2))+ABS((((($D13*24)+Forecast!$D$3:$L$3+1-ABS(($D13*24)-Forecast!$D$3:$L$3-1))/2)-((($C13*24)+Forecast!$D$3:$L$3+ABS(($C13*24)-Forecast!$D$3:$L$3))/2))))/2)*Forecast!$D$15:$L$19)/SUMPRODUCT(ISNUMBER(SEARCH(Forecast!$B$15:$B$19,$B13))*(((((($D13*24)+Forecast!$D$3:$L$3+1-ABS(($D13*24)-Forecast!$D$3:$L$3-1))/2)-((($C13*24)+Forecast!$D$3:$L$3+ABS(($C13*24)-Forecast!$D$3:$L$3))/2))+ABS((((($D13*24)+Forecast!$D$3:$L$3+1-ABS(($D13*24)-Forecast!$D$3:$L$3-1))/2)-((($C13*24)+Forecast!$D$3:$L$3+ABS(($C13*24)-Forecast!$D$3:$L$3))/2))))/2)),0) -> 0.83333333 | K13: =SUMPRODUCT(MAX(ISNUMBER(SEARCH(Forecast!$B$15:$B$19,$B13))*(Forecast!$D$3:$L$3<($D13*24))*(Forecast!$D$3:$L$3+1>($C13*24))*Forecast!$D$15:$L$19)) -> 1 | L13: =IF(AND(J13<=Assumptions!$B$15,K13<=Assumptions!$B$16),"Open",IF(J13<=Assumptions!$B$17,"Check first","Conflict")) -> Conflict | M13: 0 | N13: =IFERROR(SUMPRODUCT(ISNUMBER(SEARCH(Forecast!$B$24:$B$28,$B13))*(((((($D13*24)+Forecast!$D$3:$L$3+1-ABS(($D13*24)-Forecast!$D$3:$L$3-1))/2)-((($C13*24)+Forecast!$D$3:$L$3+ABS(($C13*24)-Forecast!$D$3:$L$3))/2))+ABS((((($D13*24)+Forecast!$D$3:$L$3+1-ABS(($D13*24)-Forecast!$D$3:$L$3-1))/2)-((($C13*24)+Forecast!$D$3:$L$3+ABS(($C13*24)-Forecast!$D$3:$L$3))/2))))/2)*Forecast!$D$24:$L$28)/SUMPRODUCT(ISNUMBER(SEARCH(Forecast!$B$24:$B$28,$B13))*(((((($D13*24)+Forecast!$D$3:$L$3+1-ABS(($D13*24)-Forecast!$D$3:$L$3-1))/2)-((($C13*24)+Forecast!$D$3:$L$3+ABS(($C13*24)-Forecast!$D$3:$L$3))/2))+ABS((((($D13*24)+Forecast!$D$3:$L$3+1-ABS(($D13*24)-Forecast!$D$3:$L$3-1))/2)-((($C13*24)+Forecast!$D$3:$L$3+ABS(($C13*24)-Forecast!$D$3:$L$3))/2))))/2)),0) -> 0.83333333 | O13: =SUMPRODUCT(MAX(ISNUMBER(SEARCH(Forecast!$B$24:$B$28,$B13))*(Forecast!$D$3:$L$3<($D13*24))*(Forecast!$D$3:$L$3+1>($C13*24))*Forecast!$D$24:$L$28)) -> 1 | P13: =IF(AND(N13<=Assumptions!$B$15,O13<=Assumptions!$B$16),"Open",IF(N13<=Assumptions!$B$17,"Check first","Conflict")) -> Conflict | Q13: 0 | R13: =IFERROR(SUMPRODUCT(ISNUMBER(SEARCH(Forecast!$B$33:$B$37,$B13))*(((((($D13*24)+Forecast!$D$3:$L$3+1-ABS(($D13*24)-Forecast!$D$3:$L$3-1))/2)-((($C13*24)+Forecast!$D$3:$L$3+ABS(($C13*24)-Forecast!$D$3:$L$3))/2))+ABS((((($D13*24)+Forecast!$D$3:$L$3+1-ABS(($D13*24)-Forecast!$D$3:$L$3-1))/2)-((($C13*24)+Forecast!$D$3:$L$3+ABS(($C13*24)-Forecast!$D$3:$L$3))/2))))/2)*Forecast!$D$33:$L$37)/SUMPRODUCT(ISNUMBER(SEARCH(Forecast!$B$33:$B$37,$B13))*(((((($D13*24)+Forecast!$D$3:$L$3+1-ABS(($D13*24)-Forecast!$D$3:$L$3-1))/2)-((($C13*24)+Forecast!$D$3:$L$3+ABS(($C13*24)-Forecast!$D$3:$L$3))/2))+ABS((((($D13*24)+Forecast!$D$3:$L$3+1-ABS(($D13*24)-Forecast!$D$3:$L$3-1))/2)-((($C13*24)+Forecast!$D$3:$L$3+ABS(($C13*24)-Forecast!$D$3:$L$3))/2))))/2)),0) -> 0.36666667 | S13: =SUMPRODUCT(MAX(ISNUMBER(SEARCH(Forecast!$B$33:$B$37,$B13))*(Forecast!$D$3:$L$3<($D13*24))*(Forecast!$D$3:$L$3+1>($C13*24))*Forecast!$D$33:$L$37)) -> 0.8 | T13: =IF(AND(R13<=Assumptions!$B$15,S13<=Assumptions!$B$16),"Open",IF(R13<=Assumptions!$B$17,"Check first","Conflict")) -> Conflict | U13: 0 | V13: =IFERROR(SUMPRODUCT(ISNUMBER(SEARCH('Current Fall Actual'!$B$5:$B$9,$B13))*(((((($D13*24)+Forecast!$D$3:$L$3+1-ABS(($D13*24)-Forecast!$D$3:$L$3-1))/2)-((($C13*24)+Forecast!$D$3:$L$3+ABS(($C13*24)-Forecast!$D$3:$L$3))/2))+ABS((((($D13*24)+Forecast!$D$3:$L$3+1-ABS(($D13*24)-Forecast!$D$3:$L$3-1))/2)-((($C13*24)+Forecast!$D$3:$L$3+ABS(($C13*24)-Forecast!$D$3:$L$3))/2))))/2)*'Current Fall Actual'!$D$5:$L$9)/SUMPRODUCT(ISNUMBER(SEARCH('Current Fall Actual'!$B$5:$B$9,$B13))*(((((($D13*24)+Forecast!$D$3:$L$3+1-ABS(($D13*24)-Forecast!$D$3:$L$3-1))/2)-((($C13*24)+Forecast!$D$3:$L$3+ABS(($C13*24)-Forecast!$D$3:$L$3))/2))+ABS((((($D13*24)+Forecast!$D$3:$L$3+1-ABS(($D13*24)-Forecast!$D$3:$L$3-1))/2)-((($C13*24)+Forecast!$D$3:$L$3+ABS(($C13*24)-Forecast!$D$3:$L$3))/2))))/2)),0) -> 0.33333333 | W13: =SUMPRODUCT(MAX(ISNUMBER(SEARCH('Current Fall Actual'!$B$5:$B$9,$B13))*(Forecast!$D$3:$L$3<($D13*24))*(Forecast!$D$3:$L$3+1>($C13*24))*'Current Fall Actual'!$D$5:$L$9)) -> 1
A14: TTh 80 min | B14: Tue,Thu | C14: 0.375 | D14: 0.43055556 | E14: =(LEN(B14)-LEN(SUBSTITUTE(B14,",",""))+1)*(MIN(D14,17/24)-MAX(C14,8/24))*24 -> 2.6666667 | F14: =IFERROR(SUMPRODUCT(ISNUMBER(SEARCH(Forecast!$B$6:$B$10,$B14))*(((((($D14*24)+Forecast!$D$3:$L$3+1-ABS(($D14*24)-Forecast!$D$3:$L$3-1))/2)-((($C14*24)+Forecast!$D$3:$L$3+ABS(($C14*24)-Forecast!$D$3:$L$3))/2))+ABS((((($D14*24)+Forecast!$D$3:$L$3+1-ABS(($D14*24)-Forecast!$D$3:$L$3-1))/2)-((($C14*24)+Forecast!$D$3:$L$3+ABS(($C14*24)-Forecast!$D$3:$L$3))/2))))/2)*Forecast!$D$6:$L$10)/SUMPRODUCT(ISNUMBER(SEARCH(Forecast!$B$6:$B$10,$B14))*(((((($D14*24)+Forecast!$D$3:$L$3+1-ABS(($D14*24)-Forecast!$D$3:$L$3-1))/2)-((($C14*24)+Forecast!$D$3:$L$3+ABS(($C14*24)-Forecast!$D$3:$L$3))/2))+ABS((((($D14*24)+Forecast!$D$3:$L$3+1-ABS(($D14*24)-Forecast!$D$3:$L$3-1))/2)-((($C14*24)+Forecast!$D$3:$L$3+ABS(($C14*24)-Forecast!$D$3:$L$3))/2))))/2)),0) -> 0.3 | G14: =SUMPRODUCT(MAX(ISNUMBER(SEARCH(Forecast!$B$6:$B$10,$B14))*(Forecast!$D$3:$L$3<($D14*24))*(Forecast!$D$3:$L$3+1>($C14*24))*Forecast!$D$6:$L$10)) -> 0.3 | H14: =IF(AND(F14<=Assumptions!$B$15,G14<=Assumptions!$B$16),"Open",IF(F14<=Assumptions!$B$17,"Check first","Conflict")) -> Check first | I14: 1 | J14: =IFERROR(SUMPRODUCT(ISNUMBER(SEARCH(Forecast!$B$15:$B$19,$B14))*(((((($D14*24)+Forecast!$D$3:$L$3+1-ABS(($D14*24)-Forecast!$D$3:$L$3-1))/2)-((($C14*24)+Forecast!$D$3:$L$3+ABS(($C14*24)-Forecast!$D$3:$L$3))/2))+ABS((((($D14*24)+Forecast!$D$3:$L$3+1-ABS(($D14*24)-Forecast!$D$3:$L$3-1))/2)-((($C14*24)+Forecast!$D$3:$L$3+ABS(($C14*24)-Forecast!$D$3:$L$3))/2))))/2)*Forecast!$D$15:$L$19)/SUMPRODUCT(ISNUMBER(SEARCH(Forecast!$B$15:$B$19,$B14))*(((((($D14*24)+Forecast!$D$3:$L$3+1-ABS(($D14*24)-Forecast!$D$3:$L$3-1))/2)-((($C14*24)+Forecast!$D$3:$L$3+ABS(($C14*24)-Forecast!$D$3:$L$3))/2))+ABS((((($D14*24)+Forecast!$D$3:$L$3+1-ABS(($D14*24)-Forecast!$D$3:$L$3-1))/2)-((($C14*24)+Forecast!$D$3:$L$3+ABS(($C14*24)-Forecast!$D$3:$L$3))/2))))/2)),0) -> 0.0625 | K14: =SUMPRODUCT(MAX(ISNUMBER(SEARCH(Forecast!$B$15:$B$19,$B14))*(Forecast!$D$3:$L$3<($D14*24))*(Forecast!$D$3:$L$3+1>($C14*24))*Forecast!$D$15:$L$19)) -> 0.2 | L14: =IF(AND(J14<=Assumptions!$B$15,K14<=Assumptions!$B$16),"Open",IF(J14<=Assumptions!$B$17,"Check first","Conflict")) -> Open | M14: 1 | N14: =IFERROR(SUMPRODUCT(ISNUMBER(SEARCH(Forecast!$B$24:$B$28,$B14))*(((((($D14*24)+Forecast!$D$3:$L$3+1-ABS(($D14*24)-Forecast!$D$3:$L$3-1))/2)-((($C14*24)+Forecast!$D$3:$L$3+ABS(($C14*24)-Forecast!$D$3:$L$3))/2))+ABS((((($D14*24)+Forecast!$D$3:$L$3+1-ABS(($D14*24)-Forecast!$D$3:$L$3-1))/2)-((($C14*24)+Forecast!$D$3:$L$3+ABS(($C14*24)-Forecast!$D$3:$L$3))/2))))/2)*Forecast!$D$24:$L$28)/SUMPRODUCT(ISNUMBER(SEARCH(Forecast!$B$24:$B$28,$B14))*(((((($D14*24)+Forecast!$D$3:$L$3+1-ABS(($D14*24)-Forecast!$D$3:$L$3-1))/2)-((($C14*24)+Forecast!$D$3:$L$3+ABS(($C14*24)-Forecast!$D$3:$L$3))/2))+ABS((((($D14*24)+Forecast!$D$3:$L$3+1-ABS(($D14*24)-Forecast!$D$3:$L$3-1))/2)-((($C14*24)+Forecast!$D$3:$L$3+ABS(($C14*24)-Forecast!$D$3:$L$3))/2))))/2)),0) -> 0 | O14: =SUMPRODUCT(MAX(ISNUMBER(SEARCH(Forecast!$B$24:$B$28,$B14))*(Forecast!$D$3:$L$3<($D14*24))*(Forecast!$D$3:$L$3+1>($C14*24))*Forecast!$D$24:$L$28)) -> 0 | P14: =IF(AND(N14<=Assumptions!$B$15,O14<=Assumptions!$B$16),"Open",IF(N14<=Assumptions!$B$17,"Check first","Conflict")) -> Open | Q14: 1 | R14: =IFERROR(SUMPRODUCT(ISNUMBER(SEARCH(Forecast!$B$33:$B$37,$B14))*(((((($D14*24)+Forecast!$D$3:$L$3+1-ABS(($D14*24)-Forecast!$D$3:$L$3-1))/2)-((($C14*24)+Forecast!$D$3:$L$3+ABS(($C14*24)-Forecast!$D$3:$L$3))/2))+ABS((((($D14*24)+Forecast!$D$3:$L$3+1-ABS(($D14*24)-Forecast!$D$3:$L$3-1))/2)-((($C14*24)+Forecast!$D$3:$L$3+ABS(($C14*24)-Forecast!$D$3:$L$3))/2))))/2)*Forecast!$D$33:$L$37)/SUMPRODUCT(ISNUMBER(SEARCH(Forecast!$B$33:$B$37,$B14))*(((((($D14*24)+Forecast!$D$3:$L$3+1-ABS(($D14*24)-Forecast!$D$3:$L$3-1))/2)-((($C14*24)+Forecast!$D$3:$L$3+ABS(($C14*24)-Forecast!$D$3:$L$3))/2))+ABS((((($D14*24)+Forecast!$D$3:$L$3+1-ABS(($D14*24)-Forecast!$D$3:$L$3-1))/2)-((($C14*24)+Forecast!$D$3:$L$3+ABS(($C14*24)-Forecast!$D$3:$L$3))/2))))/2)),0) -> 0.01875 | S14: =SUMPRODUCT(MAX(ISNUMBER(SEARCH(Forecast!$B$33:$B$37,$B14))*(Forecast!$D$3:$L$3<($D14*24))*(Forecast!$D$3:$L$3+1>($C14*24))*Forecast!$D$33:$L$37)) -> 0.15 | T14: =IF(AND(R14<=Assumptions!$B$15,S14<=Assumptions!$B$16),"Open",IF(R14<=Assumptions!$B$17,"Check first","Conflict")) -> Open | U14: 1 | V14: =IFERROR(SUMPRODUCT(ISNUMBER(SEARCH('Current Fall Actual'!$B$5:$B$9,$B14))*(((((($D14*24)+Forecast!$D$3:$L$3+1-ABS(($D14*24)-Forecast!$D$3:$L$3-1))/2)-((($C14*24)+Forecast!$D$3:$L$3+ABS(($C14*24)-Forecast!$D$3:$L$3))/2))+ABS((((($D14*24)+Forecast!$D$3:$L$3+1-ABS(($D14*24)-Forecast!$D$3:$L$3-1))/2)-((($C14*24)+Forecast!$D$3:$L$3+ABS(($C14*24)-Forecast!$D$3:$L$3))/2))))/2)*'Current Fall Actual'!$D$5:$L$9)/SUMPRODUCT(ISNUMBER(SEARCH('Current Fall Actual'!$B$5:$B$9,$B14))*(((((($D14*24)+Forecast!$D$3:$L$3+1-ABS(($D14*24)-Forecast!$D$3:$L$3-1))/2)-((($C14*24)+Forecast!$D$3:$L$3+ABS(($C14*24)-Forecast!$D$3:$L$3))/2))+ABS((((($D14*24)+Forecast!$D$3:$L$3+1-ABS(($D14*24)-Forecast!$D$3:$L$3-1))/2)-((($C14*24)+Forecast!$D$3:$L$3+ABS(($C14*24)-Forecast!$D$3:$L$3))/2))))/2)),0) -> 0 | W14: =SUMPRODUCT(MAX(ISNUMBER(SEARCH('Current Fall Actual'!$B$5:$B$9,$B14))*(Forecast!$D$3:$L$3<($D14*24))*(Forecast!$D$3:$L$3+1>($C14*24))*'Current Fall Actual'!$D$5:$L$9)) -> 0
A15: TTh 80 min | B15: Tue,Thu | C15: 0.4375 | D15: 0.49305556 | E15: =(LEN(B15)-LEN(SUBSTITUTE(B15,",",""))+1)*(MIN(D15,17/24)-MAX(C15,8/24))*24 -> 2.6666667 | F15: =IFERROR(SUMPRODUCT(ISNUMBER(SEARCH(Forecast!$B$6:$B$10,$B15))*(((((($D15*24)+Forecast!$D$3:$L$3+1-ABS(($D15*24)-Forecast!$D$3:$L$3-1))/2)-((($C15*24)+Forecast!$D$3:$L$3+ABS(($C15*24)-Forecast!$D$3:$L$3))/2))+ABS((((($D15*24)+Forecast!$D$3:$L$3+1-ABS(($D15*24)-Forecast!$D$3:$L$3-1))/2)-((($C15*24)+Forecast!$D$3:$L$3+ABS(($C15*24)-Forecast!$D$3:$L$3))/2))))/2)*Forecast!$D$6:$L$10)/SUMPRODUCT(ISNUMBER(SEARCH(Forecast!$B$6:$B$10,$B15))*(((((($D15*24)+Forecast!$D$3:$L$3+1-ABS(($D15*24)-Forecast!$D$3:$L$3-1))/2)-((($C15*24)+Forecast!$D$3:$L$3+ABS(($C15*24)-Forecast!$D$3:$L$3))/2))+ABS((((($D15*24)+Forecast!$D$3:$L$3+1-ABS(($D15*24)-Forecast!$D$3:$L$3-1))/2)-((($C15*24)+Forecast!$D$3:$L$3+ABS(($C15*24)-Forecast!$D$3:$L$3))/2))))/2)),0) -> 0.3 | G15: =SUMPRODUCT(MAX(ISNUMBER(SEARCH(Forecast!$B$6:$B$10,$B15))*(Forecast!$D$3:$L$3<($D15*24))*(Forecast!$D$3:$L$3+1>($C15*24))*Forecast!$D$6:$L$10)) -> 0.3 | H15: =IF(AND(F15<=Assumptions!$B$15,G15<=Assumptions!$B$16),"Open",IF(F15<=Assumptions!$B$17,"Check first","Conflict")) -> Check first | I15: 1 | J15: =IFERROR(SUMPRODUCT(ISNUMBER(SEARCH(Forecast!$B$15:$B$19,$B15))*(((((($D15*24)+Forecast!$D$3:$L$3+1-ABS(($D15*24)-Forecast!$D$3:$L$3-1))/2)-((($C15*24)+Forecast!$D$3:$L$3+ABS(($C15*24)-Forecast!$D$3:$L$3))/2))+ABS((((($D15*24)+Forecast!$D$3:$L$3+1-ABS(($D15*24)-Forecast!$D$3:$L$3-1))/2)-((($C15*24)+Forecast!$D$3:$L$3+ABS(($C15*24)-Forecast!$D$3:$L$3))/2))))/2)*Forecast!$D$15:$L$19)/SUMPRODUCT(ISNUMBER(SEARCH(Forecast!$B$15:$B$19,$B15))*(((((($D15*24)+Forecast!$D$3:$L$3+1-ABS(($D15*24)-Forecast!$D$3:$L$3-1))/2)-((($C15*24)+Forecast!$D$3:$L$3+ABS(($C15*24)-Forecast!$D$3:$L$3))/2))+ABS((((($D15*24)+Forecast!$D$3:$L$3+1-ABS(($D15*24)-Forecast!$D$3:$L$3-1))/2)-((($C15*24)+Forecast!$D$3:$L$3+ABS(($C15*24)-Forecast!$D$3:$L$3))/2))))/2)),0) -> 0.240625 | K15: =SUMPRODUCT(MAX(ISNUMBER(SEARCH(Forecast!$B$15:$B$19,$B15))*(Forecast!$D$3:$L$3<($D15*24))*(Forecast!$D$3:$L$3+1>($C15*24))*Forecast!$D$15:$L$19)) -> 0.55 | L15: =IF(AND(J15<=Assumptions!$B$15,K15<=Assumptions!$B$16),"Open",IF(J15<=Assumptions!$B$17,"Check first","Conflict")) -> Check first | M15: 1 | N15: =IFERROR(SUMPRODUCT(ISNUMBER(SEARCH(Forecast!$B$24:$B$28,$B15))*(((((($D15*24)+Forecast!$D$3:$L$3+1-ABS(($D15*24)-Forecast!$D$3:$L$3-1))/2)-((($C15*24)+Forecast!$D$3:$L$3+ABS(($C15*24)-Forecast!$D$3:$L$3))/2))+ABS((((($D15*24)+Forecast!$D$3:$L$3+1-ABS(($D15*24)-Forecast!$D$3:$L$3-1))/2)-((($C15*24)+Forecast!$D$3:$L$3+ABS(($C15*24)-Forecast!$D$3:$L$3))/2))))/2)*Forecast!$D$24:$L$28)/SUMPRODUCT(ISNUMBER(SEARCH(Forecast!$B$24:$B$28,$B15))*(((((($D15*24)+Forecast!$D$3:$L$3+1-ABS(($D15*24)-Forecast!$D$3:$L$3-1))/2)-((($C15*24)+Forecast!$D$3:$L$3+ABS(($C15*24)-Forecast!$D$3:$L$3))/2))+ABS((((($D15*24)+Forecast!$D$3:$L$3+1-ABS(($D15*24)-Forecast!$D$3:$L$3-1))/2)-((($C15*24)+Forecast!$D$3:$L$3+ABS(($C15*24)-Forecast!$D$3:$L$3))/2))))/2)),0) -> 0.078125 | O15: =SUMPRODUCT(MAX(ISNUMBER(SEARCH(Forecast!$B$24:$B$28,$B15))*(Forecast!$D$3:$L$3<($D15*24))*(Forecast!$D$3:$L$3+1>($C15*24))*Forecast!$D$24:$L$28)) -> 0.25 | P15: =IF(AND(N15<=Assumptions!$B$15,O15<=Assumptions!$B$16),"Open",IF(N15<=Assumptions!$B$17,"Check first","Conflict")) -> Open | Q15: 1 | R15: =IFERROR(SUMPRODUCT(ISNUMBER(SEARCH(Forecast!$B$33:$B$37,$B15))*(((((($D15*24)+Forecast!$D$3:$L$3+1-ABS(($D15*24)-Forecast!$D$3:$L$3-1))/2)-((($C15*24)+Forecast!$D$3:$L$3+ABS(($C15*24)-Forecast!$D$3:$L$3))/2))+ABS((((($D15*24)+Forecast!$D$3:$L$3+1-ABS(($D15*24)-Forecast!$D$3:$L$3-1))/2)-((($C15*24)+Forecast!$D$3:$L$3+ABS(($C15*24)-Forecast!$D$3:$L$3))/2))))/2)*Forecast!$D$33:$L$37)/SUMPRODUCT(ISNUMBER(SEARCH(Forecast!$B$33:$B$37,$B15))*(((((($D15*24)+Forecast!$D$3:$L$3+1-ABS(($D15*24)-Forecast!$D$3:$L$3-1))/2)-((($C15*24)+Forecast!$D$3:$L$3+ABS(($C15*24)-Forecast!$D$3:$L$3))/2))+ABS((((($D15*24)+Forecast!$D$3:$L$3+1-ABS(($D15*24)-Forecast!$D$3:$L$3-1))/2)-((($C15*24)+Forecast!$D$3:$L$3+ABS(($C15*24)-Forecast!$D$3:$L$3))/2))))/2)),0) -> 0.278125 | S15: =SUMPRODUCT(MAX(ISNUMBER(SEARCH(Forecast!$B$33:$B$37,$B15))*(Forecast!$D$3:$L$3<($D15*24))*(Forecast!$D$3:$L$3+1>($C15*24))*Forecast!$D$33:$L$37)) -> 0.8 | T15: =IF(AND(R15<=Assumptions!$B$15,S15<=Assumptions!$B$16),"Open",IF(R15<=Assumptions!$B$17,"Check first","Conflict")) -> Check first | U15: 1 | V15: =IFERROR(SUMPRODUCT(ISNUMBER(SEARCH('Current Fall Actual'!$B$5:$B$9,$B15))*(((((($D15*24)+Forecast!$D$3:$L$3+1-ABS(($D15*24)-Forecast!$D$3:$L$3-1))/2)-((($C15*24)+Forecast!$D$3:$L$3+ABS(($C15*24)-Forecast!$D$3:$L$3))/2))+ABS((((($D15*24)+Forecast!$D$3:$L$3+1-ABS(($D15*24)-Forecast!$D$3:$L$3-1))/2)-((($C15*24)+Forecast!$D$3:$L$3+ABS(($C15*24)-Forecast!$D$3:$L$3))/2))))/2)*'Current Fall Actual'!$D$5:$L$9)/SUMPRODUCT(ISNUMBER(SEARCH('Current Fall Actual'!$B$5:$B$9,$B15))*(((((($D15*24)+Forecast!$D$3:$L$3+1-ABS(($D15*24)-Forecast!$D$3:$L$3-1))/2)-((($C15*24)+Forecast!$D$3:$L$3+ABS(($C15*24)-Forecast!$D$3:$L$3))/2))+ABS((((($D15*24)+Forecast!$D$3:$L$3+1-ABS(($D15*24)-Forecast!$D$3:$L$3-1))/2)-((($C15*24)+Forecast!$D$3:$L$3+ABS(($C15*24)-Forecast!$D$3:$L$3))/2))))/2)),0) -> 0.15625 | W15: =SUMPRODUCT(MAX(ISNUMBER(SEARCH('Current Fall Actual'!$B$5:$B$9,$B15))*(Forecast!$D$3:$L$3<($D15*24))*(Forecast!$D$3:$L$3+1>($C15*24))*'Current Fall Actual'!$D$5:$L$9)) -> 0.5
A16: TTh 80 min | B16: Tue,Thu | C16: 0.5 | D16: 0.55555556 | E16: =(LEN(B16)-LEN(SUBSTITUTE(B16,",",""))+1)*(MIN(D16,17/24)-MAX(C16,8/24))*24 -> 2.6666667 | F16: =IFERROR(SUMPRODUCT(ISNUMBER(SEARCH(Forecast!$B$6:$B$10,$B16))*(((((($D16*24)+Forecast!$D$3:$L$3+1-ABS(($D16*24)-Forecast!$D$3:$L$3-1))/2)-((($C16*24)+Forecast!$D$3:$L$3+ABS(($C16*24)-Forecast!$D$3:$L$3))/2))+ABS((((($D16*24)+Forecast!$D$3:$L$3+1-ABS(($D16*24)-Forecast!$D$3:$L$3-1))/2)-((($C16*24)+Forecast!$D$3:$L$3+ABS(($C16*24)-Forecast!$D$3:$L$3))/2))))/2)*Forecast!$D$6:$L$10)/SUMPRODUCT(ISNUMBER(SEARCH(Forecast!$B$6:$B$10,$B16))*(((((($D16*24)+Forecast!$D$3:$L$3+1-ABS(($D16*24)-Forecast!$D$3:$L$3-1))/2)-((($C16*24)+Forecast!$D$3:$L$3+ABS(($C16*24)-Forecast!$D$3:$L$3))/2))+ABS((((($D16*24)+Forecast!$D$3:$L$3+1-ABS(($D16*24)-Forecast!$D$3:$L$3-1))/2)-((($C16*24)+Forecast!$D$3:$L$3+ABS(($C16*24)-Forecast!$D$3:$L$3))/2))))/2)),0) -> 0.70416667 | G16: =SUMPRODUCT(MAX(ISNUMBER(SEARCH(Forecast!$B$6:$B$10,$B16))*(Forecast!$D$3:$L$3<($D16*24))*(Forecast!$D$3:$L$3+1>($C16*24))*Forecast!$D$6:$L$10)) -> 1 | H16: =IF(AND(F16<=Assumptions!$B$15,G16<=Assumptions!$B$16),"Open",IF(F16<=Assumptions!$B$17,"Check first","Conflict")) -> Conflict | I16: 0 | J16: =IFERROR(SUMPRODUCT(ISNUMBER(SEARCH(Forecast!$B$15:$B$19,$B16))*(((((($D16*24)+Forecast!$D$3:$L$3+1-ABS(($D16*24)-Forecast!$D$3:$L$3-1))/2)-((($C16*24)+Forecast!$D$3:$L$3+ABS(($C16*24)-Forecast!$D$3:$L$3))/2))+ABS((((($D16*24)+Forecast!$D$3:$L$3+1-ABS(($D16*24)-Forecast!$D$3:$L$3-1))/2)-((($C16*24)+Forecast!$D$3:$L$3+ABS(($C16*24)-Forecast!$D$3:$L$3))/2))))/2)*Forecast!$D$15:$L$19)/SUMPRODUCT(ISNUMBER(SEARCH(Forecast!$B$15:$B$19,$B16))*(((((($D16*24)+Forecast!$D$3:$L$3+1-ABS(($D16*24)-Forecast!$D$3:$L$3-1))/2)-((($C16*24)+Forecast!$D$3:$L$3+ABS(($C16*24)-Forecast!$D$3:$L$3))/2))+ABS((((($D16*24)+Forecast!$D$3:$L$3+1-ABS(($D16*24)-Forecast!$D$3:$L$3-1))/2)-((($C16*24)+Forecast!$D$3:$L$3+ABS(($C16*24)-Forecast!$D$3:$L$3))/2))))/2)),0) -> 0.94791667 | K16: =SUMPRODUCT(MAX(ISNUMBER(SEARCH(Forecast!$B$15:$B$19,$B16))*(Forecast!$D$3:$L$3<($D16*24))*(Forecast!$D$3:$L$3+1>($C16*24))*Forecast!$D$15:$L$19)) -> 1 | L16: =IF(AND(J16<=Assumptions!$B$15,K16<=Assumptions!$B$16),"Open",IF(J16<=Assumptions!$B$17,"Check first","Conflict")) -> Conflict | M16: 0 | N16: =IFERROR(SUMPRODUCT(ISNUMBER(SEARCH(Forecast!$B$24:$B$28,$B16))*(((((($D16*24)+Forecast!$D$3:$L$3+1-ABS(($D16*24)-Forecast!$D$3:$L$3-1))/2)-((($C16*24)+Forecast!$D$3:$L$3+ABS(($C16*24)-Forecast!$D$3:$L$3))/2))+ABS((((($D16*24)+Forecast!$D$3:$L$3+1-ABS(($D16*24)-Forecast!$D$3:$L$3-1))/2)-((($C16*24)+Forecast!$D$3:$L$3+ABS(($C16*24)-Forecast!$D$3:$L$3))/2))))/2)*Forecast!$D$24:$L$28)/SUMPRODUCT(ISNUMBER(SEARCH(Forecast!$B$24:$B$28,$B16))*(((((($D16*24)+Forecast!$D$3:$L$3+1-ABS(($D16*24)-Forecast!$D$3:$L$3-1))/2)-((($C16*24)+Forecast!$D$3:$L$3+ABS(($C16*24)-Forecast!$D$3:$L$3))/2))+ABS((((($D16*24)+Forecast!$D$3:$L$3+1-ABS(($D16*24)-Forecast!$D$3:$L$3-1))/2)-((($C16*24)+Forecast!$D$3:$L$3+ABS(($C16*24)-Forecast!$D$3:$L$3))/2))))/2)),0) -> 0.625 | O16: =SUMPRODUCT(MAX(ISNUMBER(SEARCH(Forecast!$B$24:$B$28,$B16))*(Forecast!$D$3:$L$3<($D16*24))*(Forecast!$D$3:$L$3+1>($C16*24))*Forecast!$D$24:$L$28)) -> 1 | P16: =IF(AND(N16<=Assumptions!$B$15,O16<=Assumptions!$B$16),"Open",IF(N16<=Assumptions!$B$17,"Check first","Conflict")) -> Conflict | Q16: 0 | R16: =IFERROR(SUMPRODUCT(ISNUMBER(SEARCH(Forecast!$B$33:$B$37,$B16))*(((((($D16*24)+Forecast!$D$3:$L$3+1-ABS(($D16*24)-Forecast!$D$3:$L$3-1))/2)-((($C16*24)+Forecast!$D$3:$L$3+ABS(($C16*24)-Forecast!$D$3:$L$3))/2))+ABS((((($D16*24)+Forecast!$D$3:$L$3+1-ABS(($D16*24)-Forecast!$D$3:$L$3-1))/2)-((($C16*24)+Forecast!$D$3:$L$3+ABS(($C16*24)-Forecast!$D$3:$L$3))/2))))/2)*Forecast!$D$33:$L$37)/SUMPRODUCT(ISNUMBER(SEARCH(Forecast!$B$33:$B$37,$B16))*(((((($D16*24)+Forecast!$D$3:$L$3+1-ABS(($D16*24)-Forecast!$D$3:$L$3-1))/2)-((($C16*24)+Forecast!$D$3:$L$3+ABS(($C16*24)-Forecast!$D$3:$L$3))/2))+ABS((((($D16*24)+Forecast!$D$3:$L$3+1-ABS(($D16*24)-Forecast!$D$3:$L$3-1))/2)-((($C16*24)+Forecast!$D$3:$L$3+ABS(($C16*24)-Forecast!$D$3:$L$3))/2))))/2)),0) -> 0.6875 | S16: =SUMPRODUCT(MAX(ISNUMBER(SEARCH(Forecast!$B$33:$B$37,$B16))*(Forecast!$D$3:$L$3<($D16*24))*(Forecast!$D$3:$L$3+1>($C16*24))*Forecast!$D$33:$L$37)) -> 1 | T16: =IF(AND(R16<=Assumptions!$B$15,S16<=Assumptions!$B$16),"Open",IF(R16<=Assumptions!$B$17,"Check first","Conflict")) -> Conflict | U16: 0 | V16: =IFERROR(SUMPRODUCT(ISNUMBER(SEARCH('Current Fall Actual'!$B$5:$B$9,$B16))*(((((($D16*24)+Forecast!$D$3:$L$3+1-ABS(($D16*24)-Forecast!$D$3:$L$3-1))/2)-((($C16*24)+Forecast!$D$3:$L$3+ABS(($C16*24)-Forecast!$D$3:$L$3))/2))+ABS((((($D16*24)+Forecast!$D$3:$L$3+1-ABS(($D16*24)-Forecast!$D$3:$L$3-1))/2)-((($C16*24)+Forecast!$D$3:$L$3+ABS(($C16*24)-Forecast!$D$3:$L$3))/2))))/2)*'Current Fall Actual'!$D$5:$L$9)/SUMPRODUCT(ISNUMBER(SEARCH('Current Fall Actual'!$B$5:$B$9,$B16))*(((((($D16*24)+Forecast!$D$3:$L$3+1-ABS(($D16*24)-Forecast!$D$3:$L$3-1))/2)-((($C16*24)+Forecast!$D$3:$L$3+ABS(($C16*24)-Forecast!$D$3:$L$3))/2))+ABS((((($D16*24)+Forecast!$D$3:$L$3+1-ABS(($D16*24)-Forecast!$D$3:$L$3-1))/2)-((($C16*24)+Forecast!$D$3:$L$3+ABS(($C16*24)-Forecast!$D$3:$L$3))/2))))/2)),0) -> 0.9375 | W16: =SUMPRODUCT(MAX(ISNUMBER(SEARCH('Current Fall Actual'!$B$5:$B$9,$B16))*(Forecast!$D$3:$L$3<($D16*24))*(Forecast!$D$3:$L$3+1>($C16*24))*'Current Fall Actual'!$D$5:$L$9)) -> 1
... A27: Weekly seminar 170 min | B27: Fri | C27: 0.5625 | D27: 0.68055556 | E27: =(LEN(B27)-LEN(SUBSTITUTE(B27,",",""))+1)*(MIN(D27,17/24)-MAX(C27,8/24))*24 -> 2.8333333 | F27: =IFERROR(SUMPRODUCT(ISNUMBER(SEARCH(Forecast!$B$6:$B$10,$B27))*(((((($D27*24)+Forecast!$D$3:$L$3+1-ABS(($D27*24)-Forecast!$D$3:$L$3-1))/2)-((($C27*24)+Forecast!$D$3:$L$3+ABS(($C27*24)-Forecast!$D$3:$L$3))/2))+ABS((((($D27*24)+Forecast!$D$3:$L$3+1-ABS(($D27*24)-Forecast!$D$3:$L$3-1))/2)-((($C27*24)+Forecast!$D$3:$L$3+ABS(($C27*24)-Forecast!$D$3:$L$3))/2))))/2)*Forecast!$D$6:$L$10)/SUMPRODUCT(ISNUMBER(SEARCH(Forecast!$B$6:$B$10,$B27))*(((((($D27*24)+Forecast!$D$3:$L$3+1-ABS(($D27*24)-Forecast!$D$3:$L$3-1))/2)-((($C27*24)+Forecast!$D$3:$L$3+ABS(($C27*24)-Forecast!$D$3:$L$3))/2))+ABS((((($D27*24)+Forecast!$D$3:$L$3+1-ABS(($D27*24)-Forecast!$D$3:$L$3-1))/2)-((($C27*24)+Forecast!$D$3:$L$3+ABS(($C27*24)-Forecast!$D$3:$L$3))/2))))/2)),0) -> 0.38235294 | G27: =SUMPRODUCT(MAX(ISNUMBER(SEARCH(Forecast!$B$6:$B$10,$B27))*(Forecast!$D$3:$L$3<($D27*24))*(Forecast!$D$3:$L$3+1>($C27*24))*Forecast!$D$6:$L$10)) -> 1 | H27: =IF(AND(F27<=Assumptions!$B$15,G27<=Assumptions!$B$16),"Open",IF(F27<=Assumptions!$B$17,"Check first","Conflict")) -> Conflict | I27: 0 | J27: =IFERROR(SUMPRODUCT(ISNUMBER(SEARCH(Forecast!$B$15:$B$19,$B27))*(((((($D27*24)+Forecast!$D$3:$L$3+1-ABS(($D27*24)-Forecast!$D$3:$L$3-1))/2)-((($C27*24)+Forecast!$D$3:$L$3+ABS(($C27*24)-Forecast!$D$3:$L$3))/2))+ABS((((($D27*24)+Forecast!$D$3:$L$3+1-ABS(($D27*24)-Forecast!$D$3:$L$3-1))/2)-((($C27*24)+Forecast!$D$3:$L$3+ABS(($C27*24)-Forecast!$D$3:$L$3))/2))))/2)*Forecast!$D$15:$L$19)/SUMPRODUCT(ISNUMBER(SEARCH(Forecast!$B$15:$B$19,$B27))*(((((($D27*24)+Forecast!$D$3:$L$3+1-ABS(($D27*24)-Forecast!$D$3:$L$3-1))/2)-((($C27*24)+Forecast!$D$3:$L$3+ABS(($C27*24)-Forecast!$D$3:$L$3))/2))+ABS((((($D27*24)+Forecast!$D$3:$L$3+1-ABS(($D27*24)-Forecast!$D$3:$L$3-1))/2)-((($C27*24)+Forecast!$D$3:$L$3+ABS(($C27*24)-Forecast!$D$3:$L$3))/2))))/2)),0) -> 0.58529412 | K27: =SUMPRODUCT(MAX(ISNUMBER(SEARCH(Forecast!$B$15:$B$19,$B27))*(Forecast!$D$3:$L$3<($D27*24))*(Forecast!$D$3:$L$3+1>($C27*24))*Forecast!$D$15:$L$19)) -> 1 | L27: =IF(AND(J27<=Assumptions!$B$15,K27<=Assumptions!$B$16),"Open",IF(J27<=Assumptions!$B$17,"Check first","Conflict")) -> Conflict | M27: 0 | N27: =IFERROR(SUMPRODUCT(ISNUMBER(SEARCH(Forecast!$B$24:$B$28,$B27))*(((((($D27*24)+Forecast!$D$3:$L$3+1-ABS(($D27*24)-Forecast!$D$3:$L$3-1))/2)-((($C27*24)+Forecast!$D$3:$L$3+ABS(($C27*24)-Forecast!$D$3:$L$3))/2))+ABS((((($D27*24)+Forecast!$D$3:$L$3+1-ABS(($D27*24)-Forecast!$D$3:$L$3-1))/2)-((($C27*24)+Forecast!$D$3:$L$3+ABS(($C27*24)-Forecast!$D$3:$L$3))/2))))/2)*Forecast!$D$24:$L$28)/SUMPRODUCT(ISNUMBER(SEARCH(Forecast!$B$24:$B$28,$B27))*(((((($D27*24)+Forecast!$D$3:$L$3+1-ABS(($D27*24)-Forecast!$D$3:$L$3-1))/2)-((($C27*24)+Forecast!$D$3:$L$3+ABS(($C27*24)-Forecast!$D$3:$L$3))/2))+ABS((((($D27*24)+Forecast!$D$3:$L$3+1-ABS(($D27*24)-Forecast!$D$3:$L$3-1))/2)-((($C27*24)+Forecast!$D$3:$L$3+ABS(($C27*24)-Forecast!$D$3:$L$3))/2))))/2)),0) -> 0.42647059 | O27: =SUMPRODUCT(MAX(ISNUMBER(SEARCH(Forecast!$B$24:$B$28,$B27))*(Forecast!$D$3:$L$3<($D27*24))*(Forecast!$D$3:$L$3+1>($C27*24))*Forecast!$D$24:$L$28)) -> 1 | P27: =IF(AND(N27<=Assumptions!$B$15,O27<=Assumptions!$B$16),"Open",IF(N27<=Assumptions!$B$17,"Check first","Conflict")) -> Conflict | Q27: 0 | R27: =IFERROR(SUMPRODUCT(ISNUMBER(SEARCH(Forecast!$B$33:$B$37,$B27))*(((((($D27*24)+Forecast!$D$3:$L$3+1-ABS(($D27*24)-Forecast!$D$3:$L$3-1))/2)-((($C27*24)+Forecast!$D$3:$L$3+ABS(($C27*24)-Forecast!$D$3:$L$3))/2))+ABS((((($D27*24)+Forecast!$D$3:$L$3+1-ABS(($D27*24)-Forecast!$D$3:$L$3-1))/2)-((($C27*24)+Forecast!$D$3:$L$3+ABS(($C27*24)-Forecast!$D$3:$L$3))/2))))/2)*Forecast!$D$33:$L$37)/SUMPRODUCT(ISNUMBER(SEARCH(Forecast!$B$33:$B$37,$B27))*(((((($D27*24)+Forecast!$D$3:$L$3+1-ABS(($D27*24)-Forecast!$D$3:$L$3-1))/2)-((($C27*24)+Forecast!$D$3:$L$3+ABS(($C27*24)-Forecast!$D$3:$L$3))/2))+ABS((((($D27*24)+Forecast!$D$3:$L$3+1-ABS(($D27*24)-Forecast!$D$3:$L$3-1))/2)-((($C27*24)+Forecast!$D$3:$L$3+ABS(($C27*24)-Forecast!$D$3:$L$3))/2))))/2)),0) -> 0.21176471 | S27: =SUMPRODUCT(MAX(ISNUMBER(SEARCH(Forecast!$B$33:$B$37,$B27))*(Forecast!$D$3:$L$3<($D27*24))*(Forecast!$D$3:$L$3+1>($C27*24))*Forecast!$D$33:$L$37)) -> 0.3 | T27: =IF(AND(R27<=Assumptions!$B$15,S27<=Assumptions!$B$16),"Open",IF(R27<=Assumptions!$B$17,"Check first","Conflict")) -> Check first | U27: 1 | V27: =IFERROR(SUMPRODUCT(ISNUMBER(SEARCH('Current Fall Actual'!$B$5:$B$9,$B27))*(((((($D27*24)+Forecast!$D$3:$L$3+1-ABS(($D27*24)-Forecast!$D$3:$L$3-1))/2)-((($C27*24)+Forecast!$D$3:$L$3+ABS(($C27*24)-Forecast!$D$3:$L$3))/2))+ABS((((($D27*24)+Forecast!$D$3:$L$3+1-ABS(($D27*24)-Forecast!$D$3:$L$3-1))/2)-((($C27*24)+Forecast!$D$3:$L$3+ABS(($C27*24)-Forecast!$D$3:$L$3))/2))))/2)*'Current Fall Actual'!$D$5:$L$9)/SUMPRODUCT(ISNUMBER(SEARCH('Current Fall Actual'!$B$5:$B$9,$B27))*(((((($D27*24)+Forecast!$D$3:$L$3+1-ABS(($D27*24)-Forecast!$D$3:$L$3-1))/2)-((($C27*24)+Forecast!$D$3:$L$3+ABS(($C27*24)-Forecast!$D$3:$L$3))/2))+ABS((((($D27*24)+Forecast!$D$3:$L$3+1-ABS(($D27*24)-Forecast!$D$3:$L$3-1))/2)-((($C27*24)+Forecast!$D$3:$L$3+ABS(($C27*24)-Forecast!$D$3:$L$3))/2))))/2)),0) -> 0.11764706 | W27: =SUMPRODUCT(MAX(ISNUMBER(SEARCH('Current Fall Actual'!$B$5:$B$9,$B27))*(Forecast!$D$3:$L$3<($D27*24))*(Forecast!$D$3:$L$3+1>($C27*24))*'Current Fall Actual'!$D$5:$L$9)) -> 0.5
A29: Patterns follow a typical university standard meeting-time grid (edit to match your institution). Patterns ending after 5 PM are only checked for the part before 5 PM.
A30: Recommended scenario: 'Open' and 'Check first' patterns with the lowest expected department use that don't overlap each other. 'Check first' patterns should be confirmed with the department.
A31: Columns V-W score each pattern against current fall's actual bookings (Wks 1, 2, 4), showing what is open right now.

Sheet Combined Use
A1: Projected Combined Use: Department + Registrar (typical week)
A2: Department forecast plus the Registrar patterns assigned on the Registrar Patterns tab. Over 100% = a likely double-booking to resolve.
D3: 8 | E3: 9 | F3: 10 | G3: 11 | H3: 12 | I3: 13 | J3: 14 | K3: 15 | L3: 16
A4: Fall quarter
A5: Quarter | B5: Day | C5: Registrar hrs | D5: 8-9 AM | E5: 9-10 AM | F5: 10-11 AM | G5: 11 AM-12 PM | H5: 12-1 PM | I5: 1-2 PM | J5: 2-3 PM | K5: 3-4 PM | L5: 4-5 PM | M5: Total hours | N5: Free hours (of 9)
A6: Fall | B6: Mon | C6: =M6-Forecast!M6 -> 2.5 | D6: =Forecast!D6+SUMPRODUCT('Registrar Patterns'!$I$5:$I$27*ISNUMBER(SEARCH($B6,'Registrar Patterns'!$B$5:$B$27))*((((('Registrar Patterns'!$D$5:$D$27+((D$3+1)/24)-ABS('Registrar Patterns'!$D$5:$D$27-((D$3+1)/24)))/2)-(('Registrar Patterns'!$C$5:$C$27+(D$3/24)+ABS('Registrar Patterns'!$C$5:$C$27-(D$3/24)))/2))+ABS(((('Registrar Patterns'!$D$5:$D$27+((D$3+1)/24)-ABS('Registrar Patterns'!$D$5:$D$27-((D$3+1)/24)))/2)-(('Registrar Patterns'!$C$5:$C$27+(D$3/24)+ABS('Registrar Patterns'!$C$5:$C$27-(D$3/24)))/2))))/2))*24 -> 0.65 | E6: =Forecast!E6+SUMPRODUCT('Registrar Patterns'!$I$5:$I$27*ISNUMBER(SEARCH($B6,'Registrar Patterns'!$B$5:$B$27))*((((('Registrar Patterns'!$D$5:$D$27+((E$3+1)/24)-ABS('Registrar Patterns'!$D$5:$D$27-((E$3+1)/24)))/2)-(('Registrar Patterns'!$C$5:$C$27+(E$3/24)+ABS('Registrar Patterns'!$C$5:$C$27-(E$3/24)))/2))+ABS(((('Registrar Patterns'!$D$5:$D$27+((E$3+1)/24)-ABS('Registrar Patterns'!$D$5:$D$27-((E$3+1)/24)))/2)-(('Registrar Patterns'!$C$5:$C$27+(E$3/24)+ABS('Registrar Patterns'!$C$5:$C$27-(E$3/24)))/2))))/2))*24 -> 0.83333333 | F6: =Forecast!F6+SUMPRODUCT('Registrar Patterns'!$I$5:$I$27*ISNUMBER(SEARCH($B6,'Registrar Patterns'!$B$5:$B$27))*((((('Registrar Patterns'!$D$5:$D$27+((F$3+1)/24)-ABS('Registrar Patterns'!$D$5:$D$27-((F$3+1)/24)))/2)-(('Registrar Patterns'!$C$5:$C$27+(F$3/24)+ABS('Registrar Patterns'!$C$5:$C$27-(F$3/24)))/2))+ABS(((('Registrar Patterns'!$D$5:$D$27+((F$3+1)/24)-ABS('Registrar Patterns'!$D$5:$D$27-((F$3+1)/24)))/2)-(('Registrar Patterns'!$C$5:$C$27+(F$3/24)+ABS('Registrar Patterns'!$C$5:$C$27-(F$3/24)))/2))))/2))*24 -> 0.85 | G6: =Forecast!G6+SUMPRODUCT('Registrar Patterns'!$I$5:$I$27*ISNUMBER(SEARCH($B6,'Registrar Patterns'!$B$5:$B$27))*((((('Registrar Patterns'!$D$5:$D$27+((G$3+1)/24)-ABS('Registrar Patterns'!$D$5:$D$27-((G$3+1)/24)))/2)-(('Registrar Patterns'!$C$5:$C$27+(G$3/24)+ABS('Registrar Patterns'!$C$5:$C$27-(G$3/24)))/2))+ABS(((('Registrar Patterns'!$D$5:$D$27+((G$3+1)/24)-ABS('Registrar Patterns'!$D$5:$D$27-((G$3+1)/24)))/2)-(('Registrar Patterns'!$C$5:$C$27+(G$3/24)+ABS('Registrar Patterns'!$C$5:$C$27-(G$3/24)))/2))))/2))*24 -> 0.475 | H6: =Forecast!H6+SUMPRODUCT('Registrar Patterns'!$I$5:$I$27*ISNUMBER(SEARCH($B6,'Registrar Patterns'!$B$5:$B$27))*((((('Registrar Patterns'!$D$5:$D$27+((H$3+1)/24)-ABS('Registrar Patterns'!$D$5:$D$27-((H$3+1)/24)))/2)-(('Registrar Patterns'!$C$5:$C$27+(H$3/24)+ABS('Registrar Patterns'!$C$5:$C$27-(H$3/24)))/2))+ABS(((('Registrar Patterns'!$D$5:$D$27+((H$3+1)/24)-ABS('Registrar Patterns'!$D$5:$D$27-((H$3+1)/24)))/2)-(('Registrar Patterns'!$C$5:$C$27+(H$3/24)+ABS('Registrar Patterns'!$C$5:$C$27-(H$3/24)))/2))))/2))*24 -> 1 | I6: =Forecast!I6+SUMPRODUCT('Registrar Patterns'!$I$5:$I$27*ISNUMBER(SEARCH($B6,'Registrar Patterns'!$B$5:$B$27))*((((('Registrar Patterns'!$D$5:$D$27+((I$3+1)/24)-ABS('Registrar Patterns'!$D$5:$D$27-((I$3+1)/24)))/2)-(('Registrar Patterns'!$C$5:$C$27+(I$3/24)+ABS('Registrar Patterns'!$C$5:$C$27-(I$3/24)))/2))+ABS(((('Registrar Patterns'!$D$5:$D$27+((I$3+1)/24)-ABS('Registrar Patterns'!$D$5:$D$27-((I$3+1)/24)))/2)-(('Registrar Patterns'!$C$5:$C$27+(I$3/24)+ABS('Registrar Patterns'!$C$5:$C$27-(I$3/24)))/2))))/2))*24 -> 1 | J6: =Forecast!J6+SUMPRODUCT('Registrar Patterns'!$I$5:$I$27*ISNUMBER(SEARCH($B6,'Registrar Patterns'!$B$5:$B$27))*((((('Registrar Patterns'!$D$5:$D$27+((J$3+1)/24)-ABS('Registrar Patterns'!$D$5:$D$27-((J$3+1)/24)))/2)-(('Registrar Patterns'!$C$5:$C$27+(J$3/24)+ABS('Registrar Patterns'!$C$5:$C$27-(J$3/24)))/2))+ABS(((('Registrar Patterns'!$D$5:$D$27+((J$3+1)/24)-ABS('Registrar Patterns'!$D$5:$D$27-((J$3+1)/24)))/2)-(('Registrar Patterns'!$C$5:$C$27+(J$3/24)+ABS('Registrar Patterns'!$C$5:$C$27-(J$3/24)))/2))))/2))*24 -> 0.83333333 | K6: =Forecast!K6+SUMPRODUCT('Registrar Patterns'!$I$5:$I$27*ISNUMBER(SEARCH($B6,'Registrar Patterns'!$B$5:$B$27))*((((('Registrar Patterns'!$D$5:$D$27+((K$3+1)/24)-ABS('Registrar Patterns'!$D$5:$D$27-((K$3+1)/24)))/2)-(('Registrar Patterns'!$C$5:$C$27+(K$3/24)+ABS('Registrar Patterns'!$C$5:$C$27-(K$3/24)))/2))+ABS(((('Registrar Patterns'!$D$5:$D$27+((K$3+1)/24)-ABS('Registrar Patterns'!$D$5:$D$27-((K$3+1)/24)))/2)-(('Registrar Patterns'!$C$5:$C$27+(K$3/24)+ABS('Registrar Patterns'!$C$5:$C$27-(K$3/24)))/2))))/2))*24 -> 0.83333333 | L6: =Forecast!L6+SUMPRODUCT('Registrar Patterns'!$I$5:$I$27*ISNUMBER(SEARCH($B6,'Registrar Patterns'!$B$5:$B$27))*((((('Registrar Patterns'!$D$5:$D$27+((L$3+1)/24)-ABS('Registrar Patterns'!$D$5:$D$27-((L$3+1)/24)))/2)-(('Registrar Patterns'!$C$5:$C$27+(L$3/24)+ABS('Registrar Patterns'!$C$5:$C$27-(L$3/24)))/2))+ABS(((('Registrar Patterns'!$D$5:$D$27+((L$3+1)/24)-ABS('Registrar Patterns'!$D$5:$D$27-((L$3+1)/24)))/2)-(('Registrar Patterns'!$C$5:$C$27+(L$3/24)+ABS('Registrar Patterns'!$C$5:$C$27-(L$3/24)))/2))))/2))*24 -> 1 | M6: =SUM(D6:L6) -> 7.475 | N6: =9-M6 -> 1.525
A7: Fall | B7: Tue | C7: =M7-Forecast!M7 -> 2.6666667 | D7: =Forecast!D7+SUMPRODUCT('Registrar Patterns'!$I$5:$I$27*ISNUMBER(SEARCH($B7,'Registrar Patterns'!$B$5:$B$27))*((((('Registrar Patterns'!$D$5:$D$27+((D$3+1)/24)-ABS('Registrar Patterns'!$D$5:$D$27-((D$3+1)/24)))/2)-(('Registrar Patterns'!$C$5:$C$27+(D$3/24)+ABS('Registrar Patterns'!$C$5:$C$27-(D$3/24)))/2))+ABS(((('Registrar Patterns'!$D$5:$D$27+((D$3+1)/24)-ABS('Registrar Patterns'!$D$5:$D$27-((D$3+1)/24)))/2)-(('Registrar Patterns'!$C$5:$C$27+(D$3/24)+ABS('Registrar Patterns'!$C$5:$C$27-(D$3/24)))/2))))/2))*24 -> 0 | E7: =Forecast!E7+SUMPRODUCT('Registrar Patterns'!$I$5:$I$27*ISNUMBER(SEARCH($B7,'Registrar Patterns'!$B$5:$B$27))*((((('Registrar Patterns'!$D$5:$D$27+((E$3+1)/24)-ABS('Registrar Patterns'!$D$5:$D$27-((E$3+1)/24)))/2)-(('Registrar Patterns'!$C$5:$C$27+(E$3/24)+ABS('Registrar Patterns'!$C$5:$C$27-(E$3/24)))/2))+ABS(((('Registrar Patterns'!$D$5:$D$27+((E$3+1)/24)-ABS('Registrar Patterns'!$D$5:$D$27-((E$3+1)/24)))/2)-(('Registrar Patterns'!$C$5:$C$27+(E$3/24)+ABS('Registrar Patterns'!$C$5:$C$27-(E$3/24)))/2))))/2))*24 -> 1.3 | F7: =Forecast!F7+SUMPRODUCT('Registrar Patterns'!$I$5:$I$27*ISNUMBER(SEARCH($B7,'Registrar Patterns'!$B$5:$B$27))*((((('Registrar Patterns'!$D$5:$D$27+((F$3+1)/24)-ABS('Registrar Patterns'!$D$5:$D$27-((F$3+1)/24)))/2)-(('Registrar Patterns'!$C$5:$C$27+(F$3/24)+ABS('Registrar Patterns'!$C$5:$C$27-(F$3/24)))/2))+ABS(((('Registrar Patterns'!$D$5:$D$27+((F$3+1)/24)-ABS('Registrar Patterns'!$D$5:$D$27-((F$3+1)/24)))/2)-(('Registrar Patterns'!$C$5:$C$27+(F$3/24)+ABS('Registrar Patterns'!$C$5:$C$27-(F$3/24)))/2))))/2))*24 -> 1.1333333 | G7: =Forecast!G7+SUMPRODUCT('Registrar Patterns'!$I$5:$I$27*ISNUMBER(SEARCH($B7,'Registrar Patterns'!$B$5:$B$27))*((((('Registrar Patterns'!$D$5:$D$27+((G$3+1)/24)-ABS('Registrar Patterns'!$D$5:$D$27-((G$3+1)/24)))/2)-(('Registrar Patterns'!$C$5:$C$27+(G$3/24)+ABS('Registrar Patterns'!$C$5:$C$27-(G$3/24)))/2))+ABS(((('Registrar Patterns'!$D$5:$D$27+((G$3+1)/24)-ABS('Registrar Patterns'!$D$5:$D$27-((G$3+1)/24)))/2)-(('Registrar Patterns'!$C$5:$C$27+(G$3/24)+ABS('Registrar Patterns'!$C$5:$C$27-(G$3/24)))/2))))/2))*24 -> 1.1333333 | H7: =Forecast!H7+SUMPRODUCT('Registrar Patterns'!$I$5:$I$27*ISNUMBER(SEARCH($B7,'Registrar Patterns'!$B$5:$B$27))*((((('Registrar Patterns'!$D$5:$D$27+((H$3+1)/24)-ABS('Registrar Patterns'!$D$5:$D$27-((H$3+1)/24)))/2)-(('Registrar Patterns'!$C$5:$C$27+(H$3/24)+ABS('Registrar Patterns'!$C$5:$C$27-(H$3/24)))/2))+ABS(((('Registrar Patterns'!$D$5:$D$27+((H$3+1)/24)-ABS('Registrar Patterns'!$D$5:$D$27-((H$3+1)/24)))/2)-(('Registrar Patterns'!$C$5:$C$27+(H$3/24)+ABS('Registrar Patterns'!$C$5:$C$27-(H$3/24)))/2))))/2))*24 -> 0.35 | I7: =Forecast!I7+SUMPRODUCT('Registrar Patterns'!$I$5:$I$27*ISNUMBER(SEARCH($B7,'Registrar Patterns'!$B$5:$B$27))*((((('Registrar Patterns'!$D$5:$D$27+((I$3+1)/24)-ABS('Registrar Patterns'!$D$5:$D$27-((I$3+1)/24)))/2)-(('Registrar Patterns'!$C$5:$C$27+(I$3/24)+ABS('Registrar Patterns'!$C$5:$C$27-(I$3/24)))/2))+ABS(((('Registrar Patterns'!$D$5:$D$27+((I$3+1)/24)-ABS('Registrar Patterns'!$D$5:$D$27-((I$3+1)/24)))/2)-(('Registrar Patterns'!$C$5:$C$27+(I$3/24)+ABS('Registrar Patterns'!$C$5:$C$27-(I$3/24)))/2))))/2))*24 -> 1 | J7: =Forecast!J7+SUMPRODUCT('Registrar Patterns'!$I$5:$I$27*ISNUMBER(SEARCH($B7,'Registrar Patterns'!$B$5:$B$27))*((((('Registrar Patterns'!$D$5:$D$27+((J$3+1)/24)-ABS('Registrar Patterns'!$D$5:$D$27-((J$3+1)/24)))/2)-(('Registrar Patterns'!$C$5:$C$27+(J$3/24)+ABS('Registrar Patterns'!$C$5:$C$27-(J$3/24)))/2))+ABS(((('Registrar Patterns'!$D$5:$D$27+((J$3+1)/24)-ABS('Registrar Patterns'!$D$5:$D$27-((J$3+1)/24)))/2)-(('Registrar Patterns'!$C$5:$C$27+(J$3/24)+ABS('Registrar Patterns'!$C$5:$C$27-(J$3/24)))/2))))/2))*24 -> 0.8 | K7: =Forecast!K7+SUMPRODUCT('Registrar Patterns'!$I$5:$I$27*ISNUMBER(SEARCH($B7,'Registrar Patterns'!$B$5:$B$27))*((((('Registrar Patterns'!$D$5:$D$27+((K$3+1)/24)-ABS('Registrar Patterns'!$D$5:$D$27-((K$3+1)/24)))/2)-(('Registrar Patterns'!$C$5:$C$27+(K$3/24)+ABS('Registrar Patterns'!$C$5:$C$27-(K$3/24)))/2))+ABS(((('Registrar Patterns'!$D$5:$D$27+((K$3+1)/24)-ABS('Registrar Patterns'!$D$5:$D$27-((K$3+1)/24)))/2)-(('Registrar Patterns'!$C$5:$C$27+(K$3/24)+ABS('Registrar Patterns'!$C$5:$C$27-(K$3/24)))/2))))/2))*24 -> 0.75 | L7: =Forecast!L7+SUMPRODUCT('Registrar Patterns'!$I$5:$I$27*ISNUMBER(SEARCH($B7,'Registrar Patterns'!$B$5:$B$27))*((((('Registrar Patterns'!$D$5:$D$27+((L$3+1)/24)-ABS('Registrar Patterns'!$D$5:$D$27-((L$3+1)/24)))/2)-(('Registrar Patterns'!$C$5:$C$27+(L$3/24)+ABS('Registrar Patterns'!$C$5:$C$27-(L$3/24)))/2))+ABS(((('Registrar Patterns'!$D$5:$D$27+((L$3+1)/24)-ABS('Registrar Patterns'!$D$5:$D$27-((L$3+1)/24)))/2)-(('Registrar Patterns'!$C$5:$C$27+(L$3/24)+ABS('Registrar Patterns'!$C$5:$C$27-(L$3/24)))/2))))/2))*24 -> 0.25 | M7: =SUM(D7:L7) -> 6.7166667 | N7: =9-M7 -> 2.2833333
A8: Fall | B8: Wed | C8: =M8-Forecast!M8 -> 2.5 | D8: =Forecast!D8+SUMPRODUCT('Registrar Patterns'!$I$5:$I$27*ISNUMBER(SEARCH($B8,'Registrar Patterns'!$B$5:$B$27))*((((('Registrar Patterns'!$D$5:$D$27+((D$3+1)/24)-ABS('Registrar Patterns'!$D$5:$D$27-((D$3+1)/24)))/2)-(('Registrar Patterns'!$C$5:$C$27+(D$3/24)+ABS('Registrar Patterns'!$C$5:$C$27-(D$3/24)))/2))+ABS(((('Registrar Patterns'!$D$5:$D$27+((D$3+1)/24)-ABS('Registrar Patterns'!$D$5:$D$27-((D$3+1)/24)))/2)-(('Registrar Patterns'!$C$5:$C$27+(D$3/24)+ABS('Registrar Patterns'!$C$5:$C$27-(D$3/24)))/2))))/2))*24 -> 0.5 | E8: =Forecast!E8+SUMPRODUCT('Registrar Patterns'!$I$5:$I$27*ISNUMBER(SEARCH($B8,'Registrar Patterns'!$B$5:$B$27))*((((('Registrar Patterns'!$D$5:$D$27+((E$3+1)/24)-ABS('Registrar Patterns'!$D$5:$D$27-((E$3+1)/24)))/2)-(('Registrar Patterns'!$C$5:$C$27+(E$3/24)+ABS('Registrar Patterns'!$C$5:$C$27-(E$3/24)))/2))+ABS(((('Registrar Patterns'!$D$5:$D$27+((E$3+1)/24)-ABS('Registrar Patterns'!$D$5:$D$27-((E$3+1)/24)))/2)-(('Registrar Patterns'!$C$5:$C$27+(E$3/24)+ABS('Registrar Patterns'!$C$5:$C$27-(E$3/24)))/2))))/2))*24 -> 0.53333333 | F8: =Forecast!F8+SUMPRODUCT('Registrar Patterns'!$I$5:$I$27*ISNUMBER(SEARCH($B8,'Registrar Patterns'!$B$5:$B$27))*((((('Registrar Patterns'!$D$5:$D$27+((F$3+1)/24)-ABS('Registrar Patterns'!$D$5:$D$27-((F$3+1)/24)))/2)-(('Registrar Patterns'!$C$5:$C$27+(F$3/24)+ABS('Registrar Patterns'!$C$5:$C$27-(F$3/24)))/2))+ABS(((('Registrar Patterns'!$D$5:$D$27+((F$3+1)/24)-ABS('Registrar Patterns'!$D$5:$D$27-((F$3+1)/24)))/2)-(('Registrar Patterns'!$C$5:$C$27+(F$3/24)+ABS('Registrar Patterns'!$C$5:$C$27-(F$3/24)))/2))))/2))*24 -> 0.2 | G8: =Forecast!G8+SUMPRODUCT('Registrar Patterns'!$I$5:$I$27*ISNUMBER(SEARCH($B8,'Registrar Patterns'!$B$5:$B$27))*((((('Registrar Patterns'!$D$5:$D$27+((G$3+1)/24)-ABS('Registrar Patterns'!$D$5:$D$27-((G$3+1)/24)))/2)-(('Registrar Patterns'!$C$5:$C$27+(G$3/24)+ABS('Registrar Patterns'!$C$5:$C$27-(G$3/24)))/2))+ABS(((('Registrar Patterns'!$D$5:$D$27+((G$3+1)/24)-ABS('Registrar Patterns'!$D$5:$D$27-((G$3+1)/24)))/2)-(('Registrar Patterns'!$C$5:$C$27+(G$3/24)+ABS('Registrar Patterns'!$C$5:$C$27-(G$3/24)))/2))))/2))*24 -> 0.1 | H8: =Forecast!H8+SUMPRODUCT('Registrar Patterns'!$I$5:$I$27*ISNUMBER(SEARCH($B8,'Registrar Patterns'!$B$5:$B$27))*((((('Registrar Patterns'!$D$5:$D$27+((H$3+1)/24)-ABS('Registrar Patterns'!$D$5:$D$27-((H$3+1)/24)))/2)-(('Registrar Patterns'!$C$5:$C$27+(H$3/24)+ABS('Registrar Patterns'!$C$5:$C$27-(H$3/24)))/2))+ABS(((('Registrar Patterns'!$D$5:$D$27+((H$3+1)/24)-ABS('Registrar Patterns'!$D$5:$D$27-((H$3+1)/24)))/2)-(('Registrar Patterns'!$C$5:$C$27+(H$3/24)+ABS('Registrar Patterns'!$C$5:$C$27-(H$3/24)))/2))))/2))*24 -> 1 | I8: =Forecast!I8+SUMPRODUCT('Registrar Patterns'!$I$5:$I$27*ISNUMBER(SEARCH($B8,'Registrar Patterns'!$B$5:$B$27))*((((('Registrar Patterns'!$D$5:$D$27+((I$3+1)/24)-ABS('Registrar Patterns'!$D$5:$D$27-((I$3+1)/24)))/2)-(('Registrar Patterns'!$C$5:$C$27+(I$3/24)+ABS('Registrar Patterns'!$C$5:$C$27-(I$3/24)))/2))+ABS(((('Registrar Patterns'!$D$5:$D$27+((I$3+1)/24)-ABS('Registrar Patterns'!$D$5:$D$27-((I$3+1)/24)))/2)-(('Registrar Patterns'!$C$5:$C$27+(I$3/24)+ABS('Registrar Patterns'!$C$5:$C$27-(I$3/24)))/2))))/2))*24 -> 0.925 | J8: =Forecast!J8+SUMPRODUCT('Registrar Patterns'!$I$5:$I$27*ISNUMBER(SEARCH($B8,'Registrar Patterns'!$B$5:$B$27))*((((('Registrar Patterns'!$D$5:$D$27+((J$3+1)/24)-ABS('Registrar Patterns'!$D$5:$D$27-((J$3+1)/24)))/2)-(('Registrar Patterns'!$C$5:$C$27+(J$3/24)+ABS('Registrar Patterns'!$C$5:$C$27-(J$3/24)))/2))+ABS(((('Registrar Patterns'!$D$5:$D$27+((J$3+1)/24)-ABS('Registrar Patterns'!$D$5:$D$27-((J$3+1)/24)))/2)-(('Registrar Patterns'!$C$5:$C$27+(J$3/24)+ABS('Registrar Patterns'!$C$5:$C$27-(J$3/24)))/2))))/2))*24 -> 1.0333333 | K8: =Forecast!K8+SUMPRODUCT('Registrar Patterns'!$I$5:$I$27*ISNUMBER(SEARCH($B8,'Registrar Patterns'!$B$5:$B$27))*((((('Registrar Patterns'!$D$5:$D$27+((K$3+1)/24)-ABS('Registrar Patterns'!$D$5:$D$27-((K$3+1)/24)))/2)-(('Registrar Patterns'!$C$5:$C$27+(K$3/24)+ABS('Registrar Patterns'!$C$5:$C$27-(K$3/24)))/2))+ABS(((('Registrar Patterns'!$D$5:$D$27+((K$3+1)/24)-ABS('Registrar Patterns'!$D$5:$D$27-((K$3+1)/24)))/2)-(('Registrar Patterns'!$C$5:$C$27+(K$3/24)+ABS('Registrar Patterns'!$C$5:$C$27-(K$3/24)))/2))))/2))*24 -> 0.78333333 | L8: =Forecast!L8+SUMPRODUCT('Registrar Patterns'!$I$5:$I$27*ISNUMBER(SEARCH($B8,'Registrar Patterns'!$B$5:$B$27))*((((('Registrar Patterns'!$D$5:$D$27+((L$3+1)/24)-ABS('Registrar Patterns'!$D$5:$D$27-((L$3+1)/24)))/2)-(('Registrar Patterns'!$C$5:$C$27+(L$3/24)+ABS('Registrar Patterns'!$C$5:$C$27-(L$3/24)))/2))+ABS(((('Registrar Patterns'!$D$5:$D$27+((L$3+1)/24)-ABS('Registrar Patterns'!$D$5:$D$27-((L$3+1)/24)))/2)-(('Registrar Patterns'!$C$5:$C$27+(L$3/24)+ABS('Registrar Patterns'!$C$5:$C$27-(L$3/24)))/2))))/2))*24 -> 0.7 | M8: =SUM(D8:L8) -> 5.775 | N8: =9-M8 -> 3.225
